0.01035146,0.03437499702,0.08693749398,0.02659406091
0.01035148,0.00312499702,0.08699999392,0.02659406091
0.0103515,-0.02812500298,0.08643749386,0.02659406091
0.01035152,-0.04375000298,0.0855624938,0.02659406091
0.01035154,-0.02812500298,0.08499999374,0.02659406091
0.01035156,-0.01250000298,0.08474999368,0.02659406091
0.01035158,0.01874999702,0.08512499362,0.02659406091
0.0103516,0.06562499702,0.08643749356,0.02659406091
0.01035162,0.128124997,0.0889999935,0.02659406091
0.01035164,0.143749997,0.09187499344,0.02659406091
0.01035166,0.190624997,0.09568749338,0.02659406091
0.01035168,0.159374997,0.09887499333,0.02659406091
0.0103517,0.112499997,0.1011249933,0.02659406091
0.01035172,0.06562499702,0.1024374932,0.02659406091
0.01035174,0.00312499702,0.1024999931,0.02659406091
0.01035176,-0.02812500298,0.1019374931,0.02659406091
0.01035178,-0.05937500298,0.100749993,0.02659406091
0.0103518,-0.05937500298,0.09956249297,0.02659406091
0.01035182,-0.04375000298,0.09868749291,0.02659406091
0.01035184,-0.01250000298,0.09843749285,0.02659406091
0.01035186,0.04999999701,0.09943749279,0.02659406091
0.01035188,0.143749997,0.1023124927,0.02599437338
0.0103519,0.159374997,0.1054999927,0.02571031085
0.01035192,0.190624997,0.1093124926,0.02574187332
0.01035194,0.190624997,0.1131249925,0.02640468579
0.01035196,0.174999997,0.1166249925,0.02738312326
0.01035198,0.128124997,0.1191874924,0.02867718573
0.010352,0.08124999703,0.1208124924,0.0298134357
0.01035202,0.01874999703,0.1211874923,0.03094968567
0.01035204,-0.04375000297,0.1203124923,0.03161249814
0.01035206,-0.07500000298,0.1188124922,0.03195968561
0.01035208,-0.09062500298,0.1169999921,0.03167562308
0.0103521,-0.07500000298,0.1154999921,0.03123374805
0.01035212,-0.02812500299,0.114937492,0.03079187302
0.01035214,0.04999999701,0.115937492,0.03034999799
0.01035216,0.09687499701,0.1178749919,0.03022374796
0.01035218,0.143749997,0.1207499918,0.03041312293
0.0103522,0.159374997,0.1239374918,0.0310759354
0.01035222,0.159374997,0.1271249917,0.03221218537
0.01035224,0.128124997,0.1296874917,0.03366406034
0.01035226,0.09687499703,0.1316249916,0.03511593531
0.01035228,0.04999999703,0.1326249915,0.03672562278
0.0103523,0.00312499703,0.1326874915,0.03786187275
0.01035232,-0.04375000297,0.1318124914,0.03884031022
0.01035234,-0.05937500298,0.1306249914,0.03918749769
0.01035236,-0.04375000298,0.1297499913,0.03921906016
0.01035238,-0.02812500298,0.1291874912,0.03877718513
0.0103524,0.00312499701,0.1292499912,0.0381774976
0.01035242,0.04999999701,0.1302499911,0.03789343507
0.01035244,0.09687499701,0.1321874911,0.03776718504
0.01035246,0.128124997,0.1340624911,0.03811437251
0.01035248,0.143749997,0.1368749911,0.03893499748
0.0103525,0.143749997,0.1403124911,0.04022905995
0.01035252,0.112499997,0.1434374911,0.04199655992
0.01035254,0.09687499702,0.1459374911,0.04376405989
0.01035256,0.04999999703,0.1471874911,0.04553155986
0.01035258,0.00312499703,0.1468749911,0.04714124733
0.0103526,-0.04375000297,0.1446874911,0.0482774973
0.01035262,-0.07500000297,0.1406249911,0.04894030977
0.01035264,-0.09062500298,0.1359374911,0.04897187224
0.01035266,-0.07500000299,0.1306249911,0.04852999721
0.01035268,-0.028125003,0.1268749911,0.04777249718
0.0103527,0.034374997,0.1253124911,0.04717280965
0.01035272,0.081249997,0.1256249911,0.04657312212
0.01035274,0.143749997,0.1284374911,0.04628905959
0.01035276,0.174999997,0.1324999911,0.04663624706
0.01035278,0.190624997,0.1374999911,0.04745687203
0.0103528,0.174999997,0.1421874911,0.048908747
0.01035282,0.112499997,0.1453124911,0.05067624697
0.01035284,0.04999999704,0.1465624911,0.05260155944
0.01035286,-0.01250000296,0.1453124911,0.05528437194
0.01035288,-0.07500000296,0.1409374911,0.05733593444
0.0103529,-0.09062500297,0.1359374911,0.05859843444
0.01035292,-0.09062500298,0.1303124911,0.05875624694
0.01035294,-0.05937500299,0.1253124911,0.05812499694
0.01035296,0.00312499699,0.1218749911,0.05654687194
0.01035298,0.06562499699,0.1206249911,0.05481093444
0.010353,0.128124997,0.1215624911,0.05339062194
0.01035302,0.190624997,0.1249999911,0.05228593444
0.01035304,0.206249997,0.1299999911,0.05212812194
0.01035306,0.190624997,0.1353124911,0.05275937194
0.01035308,0.143749997,0.1399999911,0.05465312194
0.0103531,0.06562499706,0.1428124911,0.05686249694
0.01035312,-0.02812500294,0.1428124911,0.05907187194
0.01035314,-0.09062500295,0.1399999911,0.06112343444
0.01035316,-0.137500003,0.1353124911,0.06238593444
0.01035318,-0.153125003,0.1293749911,0.06285937194
0.0103532,-0.106250003,0.1240624911,0.06289843438
0.01035322,-0.02812500302,0.1203124911,0.06245312182
0.01035324,0.06562499697,0.1190624911,0.06169218426
0.01035326,0.143749997,0.1199999911,0.0613937467
0.01035328,0.237499997,0.1237499911,0.06094843415
0.0103533,0.268749997,0.1290624911,0.06114530909
0.01035332,0.253124997,0.1349999911,0.06182655903
0.01035334,0.253124997,0.1412499911,0.06345468397
0.01035336,0.206249997,0.1462499911,0.06556718391
0.01035338,0.143749997,0.1496874911,0.06861562135
0.0103534,0.06562499706,0.1509374911,0.0716640588
0.01035342,0.01874999705,0.1503124911,0.07408124624
0.01035344,-0.04375000294,0.1474999911,0.07647655868
0.01035346,-0.07500000296,0.1434374911,0.07822968362
0.01035348,-0.09062500297,0.1387499911,0.07979218356
0.0103535,-0.059375003,0.1346874911,0.08041874601
0.01035352,-0.028125003,0.1318749911,0.08056093345
0.01035354,0.04999999697,0.1309374911,0.08086093339
0.01035356,0.128124997,0.1324999911,0.08116093333
0.01035358,0.206249997,0.1365624911,0.08148280827
0.0103536,0.268749997,0.1428124911,0.08275155822
0.01035362,0.299999997,0.1503124911,0.08421093316
0.01035364,0.284374997,0.1578124911,0.0861656206
0.01035366,0.268749997,0.1646874911,0.08906718304
0.01035368,0.2062499971,0.1693749911,0.09197968298
0.0103537,0.1437499971,0.1715624911,0.09457655792
0.01035372,0.04999999708,0.1709374911,0.09730937037
0.01035374,0.01874999704,0.1684374911,0.09939999531
0.01035376,-0.01250000296,0.1646874911,0.1005328078
0.01035378,0.00312499701,0.1609374911,0.1005609327
0.0103538,0.034374997,0.1581249911,0.09932655764
0.01035382,0.08124999699,0.1574999911,0.09777655758
0.01035384,0.143749997,0.1593749911,0.09653124502
0.01035386,0.206249997,0.1637499911,0.09545468246
0.01035388,0.206249997,0.1693749911,0.0950203074
0.0103539,0.221874997,0.1756249911,0.09600624484
0.01035392,0.190624997,0.1812499911,0.09842343229
0.01035394,0.143749997,0.1853124911,0.1019343697
0.01035396,0.09687499705,0.1871874911,0.1063921822
0.01035398,0.03437499707,0.1865624911,0.1108499946
0.010354,-0.01250000295,0.1837499911,0.1149812446
0.01035402,-0.01250000298,0.1796874911,0.118154682
0.01035404,-0.01250000298,0.1753124911,0.1196031194
0.01035406,0.018749997,0.1718749911,0.1193156194
0.01035408,0.06562499698,0.1703124911,0.1179124943
0.0103541,0.128124997,0.1715624911,0.1155734318
0.01035412,0.190624997,0.1759374911,0.1133921817
0.01035414,0.268749997,0.1831249911,0.1115484316
0.01035416,0.268749997,0.1912499911,0.1112828066
0.01035418,0.268749997,0.1996874911,0.1120828066
0.0103542,0.2062499971,0.2059374911,0.1138624941
0.01035422,0.1437499971,0.2093749911,0.1162953066
0.01035424,0.06562499708,0.2093749911,0.1190437441
0.01035426,-0.01250000292,0.2062499911,0.1214765566
0.01035428,-0.05937500294,0.2003124911,0.1237187441
0.0103543,-0.02812500301,0.1943749911,0.1249921816
0.01035432,-0.01250000299,0.1890624911,0.1255906191
0.01035434,0.06562499695,0.1853124911,0.1250734316
0.01035436,0.1749999969,0.1846874911,0.1240499941
0.01035438,0.2687499969,0.1871874911,0.1228687441
0.0103544,0.3624999969,0.1931249911,0.1221718691
0.01035442,0.409374997,0.2009374911,0.1224328066
0.01035444,0.456249997,0.2109374911,0.1229062441
0.01035446,0.440624997,0.2212499911,0.1240546816
0.01035448,0.4093749971,0.2312499911,0.1250999941
0.0103545,0.3468749971,0.2393749911,0.1270921816
0.01035452,0.2531249971,0.2449999911,0.1287906191
0.01035454,0.1906249971,0.2478124911,0.1306140566
0.01035456,0.0968749971,0.2471874911,0.1317953066
0.01035458,0.03437499708,0.2437499911,0.1329218691
0.0103546,0.03437499702,0.2390624911,0.1333734316
0.01035462,0.04999999701,0.2340624911,0.1337703066
0.01035464,0.08124999699,0.2299999911,0.1342703066
0.01035466,0.143749997,0.2274999911,0.1339921816
0.01035468,0.206249997,0.2274999911,0.1338828066
0.0103547,0.284374997,0.2303124911,0.1344265566
0.01035472,0.331249997,0.2359374911,0.1351937441
0.01035474,0.331249997,0.2421874911,0.1375609316
0.01035476,0.2999999971,0.2484374911,0.1406031191
0.01035478,0.2218749971,0.2528124911,0.1446140566
0.0103548,0.1593749971,0.2553124911,0.1489515566
0.01035482,0.06562499711,0.2549999911,0.1531203066
0.01035484,-0.02812500289,0.2515624911,0.1563312441
0.01035486,-0.1062500029,0.2453124911,0.1584046816
0.01035488,-0.1531250029,0.2381249911,0.1599499941
0.0103549,-0.137500003,0.2309374911,0.1595906191
0.01035492,-0.121875003,0.2246874911,0.1583984316
0.01035494,-0.04375000306,0.2209374911,0.1567218691
0.01035496,0.06562499691,0.2203124911,0.1549093691
0.01035498,0.1593749969,0.2228124911,0.1540546816
0.010355,0.2374999969,0.2278124911,0.1541906191
0.01035502,0.284374997,0.2337499911,0.1557906191
0.01035504,0.284374997,0.2396874911,0.1596109316
0.01035506,0.2531249971,0.2443749911,0.1651890566
0.01035508,0.1593749971,0.2462499911,0.1714203066
0.0103551,0.04999999714,0.2446874911,0.1782609316
0.01035512,-0.04375000288,0.2399999911,0.1841437441
0.01035514,-0.1375000029,0.2318749911,0.1885734316
0.01035516,-0.168750003,0.2231249911,0.1904671816
0.01035518,-0.137500003,0.2149999911,0.1902765566
0.0103552,-0.04375000308,0.2099999911,0.1889374941
0.01035522,0.0656249969,0.2084374911,0.1866406191
0.01035524,0.2062499969,0.2112499911,0.1841968691
0.01035526,0.3156249969,0.2178124911,0.1827109316
0.01035528,0.3937499969,0.2268749911,0.1826781191
0.0103553,0.409374997,0.2356249911,0.1850343691
0.01035532,0.3468749971,0.2428124911,0.1888656191
0.01035534,0.2531249971,0.2465624911,0.1941390566
0.01035536,0.1437499971,0.2459374911,0.2002343691
0.01035538,0.01874999716,0.2409374911,0.2055515566
0.0103554,-0.07500000287,0.2321874911,0.2097531191
0.01035542,-0.1531250029,0.2209374911,0.2125015566
0.01035544,-0.153125003,0.2087499911,0.2130078066
0.01035546,-0.09062500305,0.1981249911,0.2117343691
0.01035548,-0.01250000307,0.1896874911,0.2093234316
0.0103555,0.1124999969,0.1849999911,0.2062593691
0.01035552,0.2218749969,0.1843749911,0.2039624941
0.01035554,0.284374997,0.1862499911,0.2020249941
0.01035556,0.331249997,0.1909374911,0.2026124941
0.01035558,0.331249997,0.1968749911,0.2045171816
0.0103556,0.2687499971,0.2015624911,0.2080546816
0.01035562,0.2218749971,0.2049999911,0.2128765566
0.01035564,0.1437499971,0.2062499911,0.2177421816
0.01035566,0.09687499708,0.2053124911,0.2227437441
0.01035568,0.04999999708,0.2021874911,0.2272390566
0.0103557,0.03437499704,0.1971874911,0.2302703066
0.01035572,0.01874999704,0.1909374911,0.2316687441
0.01035574,0.034374997,0.1849999911,0.2302156191
0.01035576,0.09687499694,0.1809374911,0.2279296816
0.01035578,0.128124997,0.1790624911,0.2251484316
0.0103558,0.159374997,0.1790624911,0.2229984316
0.01035582,0.190624997,0.1815624911,0.2224374941
0.01035584,0.206249997,0.1862499911,0.2241078066
0.01035586,0.221874997,0.1928124911,0.2277265566
0.01035588,0.1906249971,0.1996874911,0.2325046816
0.0103559,0.174999997,0.2059374911,0.2387249941
0.01035592,0.1437499971,0.2112499911,0.2446734316
0.01035594,0.09687499708,0.2140624911,0.2492234316
0.01035596,0.08124999704,0.2143749911,0.2523312441
0.01035598,0.06562499704,0.2124999911,0.2530499941
0.010356,0.04999999704,0.2087499911,0.2519671816
0.01035602,0.08124999698,0.2046874911,0.2498718691
0.01035604,0.1437499969,0.2018749911,0.2469437441
0.01035606,0.2062499969,0.2009374911,0.2447609316
0.01035608,0.253124997,0.2028124911,0.2439765566
0.0103561,0.299999997,0.2078124911,0.2449499941
0.01035612,0.331249997,0.2153124911,0.2483124941
0.01035614,0.362499997,0.225312491,0.2539281191
0.01035616,0.3312499971,0.235312491,0.2611656191
0.01035618,0.2687499971,0.2434374911,0.2686265566
0.0103562,0.1593749972,0.2474999911,0.2759624941
0.01035622,0.00312499724,0.2462499911,0.2820359316
0.01035624,-0.1375000028,0.2393749911,0.2857421816
0.01035626,-0.2312500028,0.2284374911,0.2870593691
0.01035628,-0.2625000029,0.2153124911,0.2862921816
0.0103563,-0.231250003,0.2024999911,0.2840499941
0.01035632,-0.1218750031,0.1931249911,0.2817531191
0.01035634,0.04999999677,0.1890624911,0.2803703066
0.01035636,0.2374999967,0.1909374911,0.2803859316
0.01035638,0.4249999967,0.199062491,0.2824640566
0.0103564,0.5499999968,0.211562491,0.2864578066
0.01035642,0.596874997,0.226562491,0.2917578066
0.01035644,0.596874997,0.241562491,0.2986687441
0.01035646,0.4874999972,0.253124991,0.3059390566
0.01035648,0.2999999973,0.2593749911,0.3132312441
0.0103565,0.1124999973,0.2593749911,0.3189671816
0.01035652,-0.1218750026,0.2524999911,0.3226515566
0.01035654,-0.2468750028,0.2418749911,0.3244203066
0.01035656,-0.2937500029,0.2293749911,0.3245671816
0.01035658,-0.2156250031,0.2184374911,0.3237124941
0.0103566,-0.05937500322,0.2118749911,0.3221937441
0.01035662,0.1437499967,0.2103124911,0.3212843691
0.01035664,0.3624999967,0.2146874911,0.3217843691
0.01035666,0.5656249967,0.224062491,0.3240421816
0.01035668,0.6906249968,0.236874991,0.3272906191
0.0103567,0.737499997,0.250937491,0.3318562441
0.01035672,0.6906249971,0.264374991,0.3377171816
0.01035674,0.5812499972,0.275312491,0.3445578066
0.01035676,0.3937499973,0.2812499911,0.3517140566
0.01035678,0.2062499973,0.2828124911,0.3580812441
0.0103568,0.03437499729,0.2803124911,0.3631531191
0.01035682,-0.09062500278,0.2746874911,0.3664562441
0.01035684,-0.1531250029,0.2674999911,0.3670546816
0.01035686,-0.106250003,0.2609374911,0.3657265566
0.01035688,-0.01250000313,0.2568749911,0.3635874941
0.0103569,0.1437499968,0.2562499911,0.3612796816
0.01035692,0.2843749968,0.2590624911,0.3605390566
0.01035694,0.4093749968,0.2653124911,0.3610937441
0.01035696,0.4874999969,0.273437491,0.3637218691
0.01035698,0.4718749971,0.281562491,0.3685812441
0.010357,0.3937499971,0.2884374911,0.3747578066
0.01035702,0.2843749972,0.2924999911,0.3814406191
0.01035704,0.1749999972,0.2931249911,0.3879874941
0.01035706,0.0656249972,0.2903124911,0.3926515566
0.01035708,0.0187499971,0.2856249911,0.3950953066
0.0103571,0.01874999702,0.2799999911,0.3951390566
0.01035712,0.08124999692,0.2749999911,0.3932453066
0.01035714,0.1906249968,0.2715624911,0.3895718691
0.01035716,0.3156249968,0.2712499911,0.3863171816
0.01035718,0.4406249968,0.2746874911,0.3847437441
0.0103572,0.5031249969,0.281562491,0.3839703066
0.01035722,0.5499999969,0.292499991,0.3858906191
0.01035724,0.5031249971,0.305312491,0.3903578066
0.01035726,0.4249999971,0.318437491,0.3963109316
0.01035728,0.3156249972,0.329999991,0.4026453066
0.0103573,0.1749999973,0.338124991,0.4084140566
0.01035732,0.04999999723,0.3415624911,0.4120281191
0.01035734,-0.02812500285,0.3399999911,0.4129703066
0.01035736,-0.09062500287,0.3334374911,0.4107562441
0.01035738,-0.07500000301,0.3234374911,0.4064359316
0.0103574,-0.02812500306,0.3118749911,0.4018593691
0.01035742,0.08124999683,0.3015624911,0.3975218691
0.01035744,0.2218749968,0.2940624911,0.3954531191
0.01035746,0.3781249967,0.2918749911,0.3956968691
0.01035748,0.4874999968,0.2956249911,0.3986124941
0.0103575,0.5812499969,0.304999991,0.4039171816
0.01035752,0.6437499969,0.320312491,0.4111703066
0.01035754,0.5812499971,0.336874991,0.4188265566
0.01035756,0.5343749971,0.353437491,0.4247093691
0.01035758,0.3937499973,0.365624991,0.4289437441
0.0103576,0.2218749973,0.3712499911,0.4307078066
0.01035762,0.01874999739,0.3687499911,0.4290218691
0.01035764,-0.1531250027,0.3584374911,0.4249249941
0.01035766,-0.2625000028,0.3418749911,0.4194890566
0.01035768,-0.262500003,0.3228124911,0.4147328066
0.0103577,-0.1843750031,0.3043749911,0.4114562441
0.01035772,-0.0125000033,0.2903124911,0.4107859316
0.01035774,0.2218749966,0.2831249911,0.4130593691
0.01035776,0.4562499966,0.2843749911,0.4169437441
0.01035778,0.6437499967,0.293124991,0.4221453066
0.0103578,0.7531249968,0.307499991,0.4278968691
0.01035782,0.768749997,0.324687491,0.4324843691
0.01035784,0.7062499971,0.341874991,0.4371374941
0.01035786,0.5812499973,0.355624991,0.4415078066
0.01035788,0.4249999973,0.364374991,0.4451109316
0.0103579,0.2687499973,0.3668749911,0.4479031191
0.01035792,0.1749999972,0.3646874911,0.4482843691
0.01035794,0.1281249971,0.3590624911,0.4466843691
0.01035796,0.1906249969,0.3531249911,0.4449968691
0.01035798,0.3312499967,0.3503124911,0.4438749941
0.010358,0.5031249967,0.3524999911,0.4438140566
0.01035802,0.6593749967,0.359999991,0.4451734316
0.01035804,0.8312499967,0.373124991,0.4476703066
0.01035806,0.9249999968,0.390312491,0.4516421816
0.01035808,0.924999997,0.408437491,0.4563109316
0.0103581,0.8624999971,0.425312491,0.4607406191
0.01035812,0.7062499973,0.437812491,0.4647624941
0.01035814,0.5187499974,0.444374991,0.4685124941
0.01035816,0.3312499974,0.4446874911,0.4713374941
0.01035818,0.1906249973,0.4396874911,0.4727421816
0.0103582,0.08124999724,0.4312499911,0.4728296816
0.01035822,0.04999999708,0.4212499911,0.4701687441
0.01035824,0.09687499693,0.4131249911,0.4672624941
0.01035826,0.2374999967,0.4093749911,0.4653624941
0.01035828,0.4093749967,0.4112499911,0.4655953066
0.0103583,0.5656249967,0.419062491,0.4686140566
0.01035832,0.7062499967,0.432187491,0.4745984316
0.01035834,0.8156249968,0.449062491,0.4831296816
0.01035836,0.815624997,0.467187491,0.4932828066
0.01035838,0.7374999972,0.483437491,0.5032187441
0.0103584,0.5968749973,0.495937491,0.5104671816
0.01035842,0.4249999974,0.502812491,0.5151531191
0.01035844,0.2843749973,0.5040624911,0.5161609316
0.01035846,0.2218749972,0.5009374911,0.5143609316
0.01035848,0.1906249971,0.4949999911,0.5090781191
0.0103585,0.2999999968,0.4893749911,0.5027718691
0.01035852,0.4718749967,0.4859374911,0.4977328066
0.01035854,0.6906249966,0.4881249911,0.4958328066
0.01035856,0.8624999967,0.494687491,0.4985031191
0.01035858,0.9874999968,0.506562491,0.5051671816
0.0103586,1.018749997,0.522499991,0.5150906191
0.01035862,1.018749997,0.542499991,0.5277187441
0.01035864,1.003124997,0.565624991,0.5406249941
0.01035866,0.9406249972,0.589687491,0.5516437441
0.01035868,0.7062499975,0.609062491,0.5586093691
0.0103587,0.3781249977,0.620312491,0.5603843691
0.01035872,0.1593749975,0.6237499911,0.5572187441
0.01035874,0.09687499715,0.6212499911,0.5496671816
0.01035876,0.1593749969,0.6153124911,0.5406187441
0.01035878,0.2687499968,0.6078124911,0.5325218691
0.0103588,0.4406249966,0.6015624911,0.5275531191
0.01035882,0.6437499966,0.5990624911,0.5277421816
0.01035884,0.7843749967,0.6006249911,0.5323656191
0.01035886,0.9093749967,0.607187491,0.5417828066
0.01035888,0.9874999969,0.618437491,0.5535671816
0.0103589,0.987499997,0.632812491,0.5663749941
0.01035892,0.987499997,0.649062491,0.5788406191
0.01035894,0.9093749972,0.664687491,0.5897562441
0.01035896,0.7374999974,0.675624991,0.5961343691
0.01035898,0.6124999973,0.681249991,0.5977843691
0.010359,0.5031249973,0.6812499911,0.5951031191
0.01035902,0.4249999972,0.6765624911,0.5876874941
0.01035904,0.3937499971,0.6678124911,0.5787531191
0.01035906,0.393749997,0.6571874911,0.5707593691
0.01035908,0.424999997,0.6471874911,0.5655890566
0.0103591,0.4718749969,0.6393749911,0.5660499941
0.01035912,0.5343749969,0.6359374911,0.5707984316
0.01035914,0.6281249968,0.6381249911,0.5795734316
0.01035916,0.7062499968,0.645624991,0.5907156191
0.01035918,0.7843749968,0.657499991,0.6023968691
0.0103592,0.7687499971,0.671249991,0.6140406191
0.01035922,0.784374997,0.685937491,0.6249015566
0.01035924,0.7374999971,0.698749991,0.6329171816
0.01035926,0.6749999972,0.707499991,0.6368140566
0.01035928,0.5968749972,0.7112499911,0.6363796816
0.0103593,0.5031249972,0.7099999911,0.6323484316
0.01035932,0.4249999972,0.7043749911,0.6266953066
0.01035934,0.440624997,0.6968749911,0.6209437441
0.01035936,0.471874997,0.6899999911,0.6157140566
0.01035938,0.5499999968,0.6862499911,0.6136453066
0.0103594,0.6593749968,0.6874999911,0.6150640566
0.01035942,0.7374999968,0.693749991,0.6201609316
0.01035944,0.7843749969,0.703749991,0.6275921816
0.01035946,0.815624997,0.715624991,0.6363187441
0.01035948,0.7843749971,0.727499991,0.6457640566
0.0103595,0.7374999971,0.736249991,0.6537624941
0.01035952,0.6437499972,0.7396874911,0.6586328066
0.01035954,0.5968749971,0.7378124911,0.6597218691
0.01035956,0.5187499972,0.7309374911,0.6569859316
0.01035958,0.4718749971,0.7206249911,0.6512953066
0.0103596,0.4562499971,0.7093749911,0.6443093691
0.01035962,0.5031249969,0.6990624911,0.6366046816
0.01035964,0.5499999969,0.6899999911,0.6307656191
0.01035966,0.6281249968,0.6837499911,0.6277390566
0.01035968,0.6593749969,0.6828124911,0.6284828066
0.0103597,0.7374999968,0.689999991,0.6336609316
0.01035972,0.753124997,0.701874991,0.6416359316
0.01035974,0.768749997,0.715312491,0.6515484316
0.01035976,0.7531249971,0.727187491,0.6615812441
0.01035978,0.7218749971,0.736249991,0.6696015566
0.0103598,0.6593749972,0.7406249911,0.6735906191
0.01035982,0.6281249971,0.7403124911,0.6728953066
0.01035984,0.5968749971,0.7365624911,0.6683640566
0.01035986,0.612499997,0.7306249911,0.6600890566
0.01035988,0.5812499971,0.7224999911,0.6501703066
0.0103599,0.581249997,0.7143749911,0.6407187441
0.01035992,0.596874997,0.7065624911,0.6338999941
0.01035994,0.612499997,0.7006249911,0.6314281191
0.01035996,0.6437499969,0.6987499911,0.6336406191
0.01035998,0.643749997,0.6993749911,0.6396562441
0.01036,0.659374997,0.7024999911,0.6489312441
0.01036002,0.659374997,0.707187491,0.6614171816
0.01036004,0.6437499971,0.712187491,0.6735937441
0.01036006,0.643749997,0.717187491,0.6826968691
0.01036008,0.643749997,0.7215624911,0.6870124941
0.0103601,0.6281249971,0.7246874911,0.6850984316
0.01036012,0.6124999971,0.7262499911,0.6784343691
0.01036014,0.612499997,0.7259374911,0.6683312441
0.01036016,0.612499997,0.7240624911,0.6561218691
0.01036018,0.628124997,0.7209374911,0.6448640566
0.0103602,0.643749997,0.7184374911,0.6363859316
0.01036022,0.6749999969,0.7162499911,0.6317921816
0.01036024,0.674999997,0.7149999911,0.6311374941
0.01036026,0.674999997,0.7149999911,0.6349281191
0.01036028,0.690624997,0.7168749911,0.6415374941
0.0103603,0.6749999971,0.7203124911,0.6486968691
0.01036032,0.6593749971,0.724999991,0.6541265566
0.01036034,0.6281249971,0.7287499911,0.6570484316
0.01036036,0.5968749971,0.7312499911,0.6571468691
0.01036038,0.5812499971,0.7318749911,0.6531484316
0.0103604,0.581249997,0.7303124911,0.6467015566
0.01036042,0.5656249971,0.7268749911,0.6383609316
0.01036044,0.581249997,0.7228124911,0.6300906191
0.01036046,0.6281249969,0.7190624911,0.6241703066
0.01036048,0.6906249969,0.7171874911,0.6209046816
0.0103605,0.7531249969,0.7174999911,0.6212406191
0.01036052,0.7999999969,0.7206249911,0.6242859316
0.01036054,0.8468749969,0.725624991,0.6300734316
0.01036056,0.8312499971,0.731874991,0.6360406191
0.01036058,0.7843749972,0.738124991,0.6419265566
0.0103606,0.7062499972,0.743124991,0.6459140566
0.01036062,0.5812499974,0.7446874911,0.6484765566
0.01036064,0.4718749973,0.7431249911,0.6485421816
0.01036066,0.3781249973,0.7381249911,0.6453109316
0.01036068,0.3156249972,0.7312499911,0.6405671816
0.0103607,0.315624997,0.7228124911,0.6339624941
0.01036072,0.3624999969,0.7149999911,0.6271453066
0.01036074,0.4874999967,0.7093749911,0.6217640566
0.01036076,0.6124999967,0.7065624911,0.6181124941
0.01036078,0.7374999967,0.7068749911,0.6169578066
0.0103608,0.8624999967,0.710937491,0.6184796816
0.01036082,0.9249999969,0.716874991,0.6222703066
0.01036084,0.9562499969,0.724062491,0.6262296816
0.01036086,0.9249999971,0.730312491,0.6297921816
0.01036088,0.8468749972,0.735624991,0.6316031191
0.0103609,0.7531249973,0.7390624911,0.6312328066
0.01036092,0.6593749973,0.7403124911,0.6274624941
0.01036094,0.5656249973,0.7393749911,0.6214781191
0.01036096,0.5343749971,0.7371874911,0.6144765566
0.01036098,0.4874999971,0.7340624911,0.6068656191
0.010361,0.503124997,0.7309374911,0.5998203066
0.01036102,0.518749997,0.7281249911,0.5946624941
0.01036104,0.5656249969,0.7265624911,0.5915390566
0.01036106,0.581249997,0.7253124911,0.5918265566
0.01036108,0.6437499968,0.7253124911,0.5955468691
0.0103611,0.643749997,0.7256249911,0.6010624941
0.01036112,0.6906249969,0.7271874911,0.6076609316
0.01036114,0.6749999971,0.7284374911,0.6143249941
0.01036116,0.674999997,0.7296874911,0.6200156191
0.01036118,0.674999997,0.7306249911,0.6233781191
0.0103612,0.6593749971,0.7309374911,0.6231828066
0.01036122,0.659374997,0.7306249911,0.6210781191
0.01036124,0.659374997,0.7303124911,0.6177874941
0.01036126,0.6437499971,0.7296874911,0.6135609316
0.01036128,0.643749997,0.7287499911,0.6104874941
0.0103613,0.643749997,0.7281249911,0.6097640566
0.01036132,0.643749997,0.7278124911,0.6119781191
0.01036134,0.643749997,0.7281249911,0.6168687441
0.01036136,0.643749997,0.7290624911,0.6247624941
0.01036138,0.643749997,0.7303124911,0.6349468691
0.0103614,0.6281249971,0.7312499911,0.6459421816
0.01036142,0.643749997,0.7328124911,0.6562796816
0.01036144,0.643749997,0.7340624911,0.6653609316
0.01036146,0.6281249971,0.7340624911,0.6710421816
0.01036148,0.628124997,0.7328124911,0.6737749941
0.0103615,0.643749997,0.7306249911,0.6731999941
0.01036152,0.643749997,0.7274999911,0.6708078066
0.01036154,0.643749997,0.7234374911,0.6665437441
0.01036156,0.659374997,0.7199999911,0.6634218691
0.01036158,0.6437499971,0.7171874911,0.6620296816
0.0103616,0.643749997,0.7159374911,0.6631343691
0.01036162,0.6281249971,0.7168749911,0.6681343691
0.01036164,0.643749997,0.7203124911,0.6758437441
0.01036166,0.643749997,0.725624991,0.6870734316
0.01036168,0.659374997,0.732499991,0.6994187441
0.0103617,0.6437499971,0.739062491,0.7123031191
0.01036172,0.643749997,0.744687491,0.7240562441
0.01036174,0.643749997,0.7478124911,0.7329968691
0.01036176,0.643749997,0.7484374911,0.7383359316
0.01036178,0.643749997,0.7465624911,0.7406499941
0.0103618,0.643749997,0.7421874911,0.7398953066
0.01036182,0.643749997,0.7365624911,0.7378562441
0.01036184,0.643749997,0.7303124911,0.7363609316
0.01036186,0.643749997,0.7246874911,0.7373734316
0.01036188,0.643749997,0.7206249911,0.7415359316
0.0103619,0.659374997,0.7187499911,0.7488593691
0.01036192,0.6437499971,0.7184374911,0.7601437441
0.01036194,0.643749997,0.7199999911,0.7738984316
0.01036196,0.643749997,0.7221874911,0.7883062441
0.01036198,0.643749997,0.7253124911,0.8021703066
0.010362,0.643749997,0.7281249911,0.8139562441
0.01036202,0.659374997,0.7309374911,0.8213734316
0.01036204,0.6437499971,0.7324999911,0.8257765566
0.01036206,0.643749997,0.7337499911,0.8262187441
0.01036208,0.643749997,0.7337499911,0.8235921816
0.0103621,0.643749997,0.7337499911,0.8206171816
0.01036212,0.643749997,0.7328124911,0.8180390566
0.01036214,0.643749997,0.7321874911,0.8178328066
0.01036216,0.643749997,0.7315624911,0.8206187441
0.01036218,0.643749997,0.7309374911,0.8271749941
0.0103622,0.6281249971,0.7303124911,0.8378390566
0.01036222,0.643749997,0.7299999911,0.8500484316
0.01036224,0.6281249971,0.7293749911,0.8627421816
0.01036226,0.643749997,0.7293749911,0.8742609316
0.01036228,0.643749997,0.7293749911,0.8823140566
0.0103623,0.643749997,0.7293749911,0.8864499941
0.01036232,0.6281249971,0.7290624911,0.8865218691
0.01036234,0.643749997,0.7290624911,0.8829484316
0.01036236,0.643749997,0.7290624911,0.8775359316
0.01036238,0.643749997,0.7290624911,0.8714703066
0.0103624,0.643749997,0.7293749911,0.8667265566
0.01036242,0.659374997,0.7296874911,0.8646484316
0.01036244,0.6437499971,0.7296874911,0.8655515566
0.01036246,0.643749997,0.7299999911,0.8705187441
0.01036248,0.643749997,0.7303124911,0.8783421816
0.0103625,0.643749997,0.7303124911,0.8886140566
0.01036252,0.659374997,0.7306249911,0.8987499941
0.01036254,0.6437499971,0.7306249911,0.9075640566
0.01036256,0.643749997,0.7303124911,0.9135546816
0.01036258,0.643749997,0.7303124911,0.9156390566
0.0103626,0.643749997,0.7303124911,0.9138062441
0.01036262,0.643749997,0.7306249911,0.9078765566
0.01036264,0.6281249971,0.7303124911,0.8999499941
0.01036266,0.628124997,0.7299999911,0.8913703066
0.01036268,0.643749997,0.7296874911,0.8847218691
0.0103627,0.643749997,0.7296874911,0.8815171816
0.01036272,0.6281249971,0.7293749911,0.8817562441
0.01036274,0.643749997,0.7293749911,0.8856078066
0.01036276,0.643749997,0.7293749911,0.8929578066
0.01036278,0.643749997,0.7293749911,0.9018421816
0.0103628,0.6281249971,0.7290624911,0.9112328066
0.01036282,0.643749997,0.7290624911,0.9188609316
0.01036284,0.643749997,0.7290624911,0.9228874941
0.01036286,0.643749997,0.7290624911,0.9222406191
0.01036288,0.643749997,0.7290624911,0.9174968691
0.0103629,0.643749997,0.7287499911,0.9092546816
0.01036292,0.6281249971,0.7284374911,0.8997718691
0.01036294,0.643749997,0.7284374911,0.8896249941
0.01036296,0.6281249971,0.7281249911,0.8809468691
0.01036298,0.643749997,0.7281249911,0.8754078066
0.010363,0.643749997,0.7281249911,0.8734921816
0.01036302,0.643749997,0.7278124911,0.8762828066
0.01036304,0.643749997,0.7278124911,0.8819624941
0.01036306,0.6281249971,0.7274999911,0.8891874941
0.01036308,0.628124997,0.7271874911,0.8966031191
0.0103631,0.628124997,0.7268749911,0.9016249941
0.01036312,0.643749997,0.7268749911,0.9036437441
0.01036314,0.643749997,0.7268749911,0.9003578066
0.01036316,0.6281249971,0.7265624911,0.8931328066
0.01036318,0.643749997,0.7265624911,0.8820937441
0.0103632,0.6281249971,0.7265624911,0.8688999941
0.01036322,0.628124997,0.7262499911,0.8556624941
0.01036324,0.628124997,0.7262499911,0.8443781191
0.01036326,0.643749997,0.7262499911,0.8368640566
0.01036328,0.6281249971,0.7259374911,0.8349812441
0.0103633,0.643749997,0.7259374911,0.8378156191
0.01036332,0.643749997,0.7262499911,0.8450734316
0.01036334,0.643749997,0.7262499911,0.8540124941
0.01036336,0.643749997,0.7262499911,0.8623640566
0.01036338,0.659374997,0.7265624911,0.8690781191
0.0103634,0.6437499971,0.7265624911,0.8713906191
0.01036342,0.659374997,0.7265624911,0.8689968691
0.01036344,0.6281249971,0.7262499911,0.8611187441
0.01036346,0.628124997,0.7259374911,0.8488171816
0.01036348,0.628124997,0.7256249911,0.8342249941
0.0103635,0.643749997,0.7256249911,0.8188437441
0.01036352,0.643749997,0.7253124911,0.8060359316
0.01036354,0.6281249971,0.7249999911,0.7976296816
0.01036356,0.628124997,0.7246874911,0.7950015566
0.01036358,0.643749997,0.7246874911,0.7973953066
0.0103636,0.643749997,0.7246874911,0.8046749941
0.01036362,0.643749997,0.7246874911,0.8139515566
0.01036364,0.643749997,0.7249999911,0.8233968691
0.01036366,0.6124999971,0.7246874911,0.8307312441
0.01036368,0.628124997,0.7243749911,0.8330437441
0.0103637,0.6124999971,0.7237499911,0.8292624941
0.01036372,0.5968749971,0.7231249911,0.8199968691
0.01036374,0.612499997,0.7224999911,0.8066234316
0.01036376,0.5968749971,0.7215624911,0.7911062441
0.01036378,0.596874997,0.7206249911,0.7754203066
0.0103638,0.612499997,0.7203124911,0.7629281191
0.01036382,0.6749999968,0.7209374911,0.7546796816
0.01036384,0.7218749969,0.7224999911,0.7529874941
0.01036386,0.7687499969,0.7249999911,0.7564749941
0.01036388,0.7999999969,0.728124991,0.7648484316
0.0103639,0.815624997,0.731562491,0.7745874941
0.01036392,0.7843749971,0.734687491,0.7828031191
0.01036394,0.7531249971,0.7368749911,0.7887390566
0.01036396,0.6906249973,0.7381249911,0.7895062441
0.01036398,0.5812499974,0.7368749911,0.7843265566
0.010364,0.5031249973,0.7340624911,0.7742828066
0.01036402,0.4562499972,0.7303124911,0.7595109316
0.01036404,0.4093749972,0.7256249911,0.7433734316
0.01036406,0.424999997,0.7215624911,0.7284546816
0.01036408,0.4718749969,0.7184374911,0.7171812441
0.0103641,0.5343749968,0.7165624911,0.7113921816
0.01036412,0.6437499966,0.7165624911,0.7113921816
0.01036414,0.7062499968,0.7178124911,0.7176437441
0.01036416,0.7843749967,0.720937491,0.7267843691
0.01036418,0.8312499968,0.724687491,0.7377531191
0.0103642,0.8156249971,0.728437491,0.7471984316
0.01036422,0.7843749971,0.731562491,0.7537546816
0.01036424,0.7374999972,0.7337499911,0.7546687441
0.01036426,0.6437499974,0.7337499911,0.7487218691
0.01036428,0.5812499973,0.7328124911,0.7363765566
0.0103643,0.5187499973,0.7303124911,0.7200703066
0.01036432,0.4562499973,0.7265624911,0.7020937441
0.01036434,0.456249997,0.7228124911,0.6859453066
0.01036436,0.5031249968,0.7199999911,0.6733062441
0.01036438,0.5812499967,0.7184374911,0.6659937441
0.0103644,0.6906249966,0.7193749911,0.6650796816
0.01036442,0.7999999966,0.722187491,0.6691874941
0.01036444,0.8937499967,0.727499991,0.6777187441
0.01036446,0.9249999969,0.733437491,0.6879203066
0.01036448,0.924999997,0.739374991,0.6979749941
0.0103645,0.8468749973,0.743437491,0.7055921816
0.01036452,0.7062499976,0.7446874911,0.7084812441
0.01036454,0.5656249976,0.7434374911,0.7060437441
0.01036456,0.3937499977,0.7387499911,0.6968921816
0.01036458,0.2843749974,0.7315624911,0.6834859316
0.0103646,0.2062499973,0.7228124911,0.6676421816
0.01036462,0.2531249968,0.7149999911,0.6519453066
0.01036464,0.3468749966,0.7090624911,0.6382343691
0.01036466,0.5187499963,0.7071874911,0.6290828066
0.01036468,0.6749999964,0.7081249911,0.6255734316
0.0103647,0.8312499964,0.712499991,0.6275484316
0.01036472,0.9562499965,0.719687491,0.6341046816
0.01036474,1.003124997,0.727499991,0.6437078066
0.01036476,1.003124997,0.735624991,0.6528484316
0.01036478,0.9874999971,0.743437491,0.6600031191
0.0103648,0.9093749973,0.749374991,0.6630499941
0.01036482,0.7062499978,0.7499999911,0.6610749941
0.01036484,0.5031249978,0.7456249911,0.6532999941
0.01036486,0.4093749974,0.7384374911,0.6412593691
0.01036488,0.3156249974,0.7287499911,0.6264765566
0.0103649,0.331249997,0.7190624911,0.6124609316
0.01036492,0.3781249968,0.7109374911,0.6008828066
0.01036494,0.4874999966,0.7056249911,0.5938749941
0.01036496,0.6281249965,0.7043749911,0.5921937441
0.01036498,0.7843749964,0.708437491,0.5958609316
0.010365,0.8937499966,0.716249991,0.6028687441
0.01036502,0.9718749967,0.726562491,0.6123140566
0.01036504,0.9562499971,0.737499991,0.6211499941
0.01036506,0.9249999972,0.747499991,0.6273906191
0.01036508,0.7999999975,0.754062491,0.6292187441
0.0103651,0.6124999978,0.7556249911,0.6258781191
0.01036512,0.4718749976,0.7521874911,0.6176624941
0.01036514,0.3468749975,0.7449999911,0.6056328066
0.01036516,0.2531249974,0.7343749911,0.5920687441
0.01036518,0.268749997,0.7231249911,0.5788203066
0.0103652,0.3156249968,0.7131249911,0.5684609316
0.01036522,0.4093749966,0.7056249911,0.5614531191
0.01036524,0.5656249964,0.7021874911,0.5599296816
0.01036526,0.7374999963,0.7040624911,0.5637437441
0.01036528,0.8468749966,0.709374991,0.5715187441
0.0103653,0.9562499966,0.718124991,0.5809640566
0.01036532,0.971874997,0.728437491,0.5901046816
0.01036534,0.9562499971,0.738437491,0.5961984316
0.01036536,0.7843749977,0.744062491,0.5986359316
0.01036538,0.534374998,0.7431249911,0.5955890566
0.0103654,0.2687499981,0.7346874911,0.5876671816
0.01036542,0.08124999779,0.7203124911,0.5762468691
0.01036544,-0.04375000246,0.7015624911,0.5636078066
0.01036546,-0.07500000285,0.6815624911,0.5508218691
0.01036548,-0.04375000311,0.6621874911,0.5401578066
0.0103655,0.0812499965,0.6468749911,0.5328453066
0.01036552,0.2374999964,0.6374999911,0.5302609316
0.01036554,0.471874996,0.6356249911,0.5310171816
0.01036556,0.6281249964,0.640312491,0.5360499941
0.01036558,0.7843749964,0.650312491,0.5430578066
0.0103656,0.8468749968,0.663124991,0.5500656191
0.01036562,0.846874997,0.674999991,0.5555499941
0.01036564,0.7218749975,0.682499991,0.5585968691
0.01036566,0.5499999977,0.6831249911,0.5566218691
0.01036568,0.3468749979,0.6765624911,0.5509906191
0.0103657,0.1749999977,0.6634374911,0.5423124941
0.01036572,0.04999999755,0.6453124911,0.5324156191
0.01036574,-0.01250000272,0.6249999911,0.5215937441
0.01036576,0.00312499695,0.6049999911,0.5130624941
0.01036578,0.1281249965,0.5878124911,0.5074312441
0.0103658,0.2843749964,0.5753124911,0.5049937441
0.01036582,0.4874999962,0.5709374911,0.5060656191
0.01036584,0.6593749963,0.574062491,0.5095749941
0.01036586,0.7999999964,0.581874991,0.5149124941
0.01036588,0.8937499966,0.593437491,0.5202499941
0.0103659,0.9562499967,0.605937491,0.5242109316
0.01036592,0.9406249971,0.617187491,0.5258921816
0.01036594,0.9093749972,0.625624991,0.5236124941
0.01036596,0.7843749976,0.628749991,0.5184328066
0.01036598,0.6437499976,0.6259374911,0.5109624941
0.010366,0.5031249976,0.6181249911,0.5030406191
0.01036602,0.3937499975,0.6065624911,0.4954234316
0.01036604,0.2374999977,0.5921874911,0.4893296816
0.01036606,0.1437499974,0.5765624911,0.4852109316
0.01036608,0.09687499722,0.5624999911,0.4846015566
0.0103661,0.112499997,0.5524999911,0.4859671816
0.01036612,0.2062499966,0.5471874911,0.4893078066
0.01036614,0.3781249963,0.5478124911,0.4934156191
0.01036616,0.5499999963,0.553749991,0.4975343691
0.01036618,0.6906249964,0.562187491,0.5007281191
0.0103662,0.7531249967,0.570937491,0.5016421816
0.01036622,0.7843749969,0.578437491,0.5005703066
0.01036624,0.7374999972,0.581874991,0.4967562441
0.01036626,0.6281249975,0.5796874911,0.4911140566
0.01036628,0.5187499975,0.5731249911,0.4851671816
0.0103663,0.4093749975,0.5621874911,0.4786218691
0.01036632,0.3468749973,0.5496874911,0.4726749941
0.01036634,0.3156249972,0.5368749911,0.4690187441
0.01036636,0.331249997,0.5278124911,0.4670328066
0.01036638,0.4093749967,0.5253124911,0.4673374941
0.0103664,0.5031249966,0.529999991,0.4688609316
0.01036642,0.6437499964,0.541249991,0.4719078066
0.01036644,0.7374999966,0.556874991,0.4746499941
0.01036646,0.7999999967,0.574374991,0.4773921816
0.01036648,0.815624997,0.591562491,0.4782953066
0.0103665,0.7843749972,0.605624991,0.4775281191
0.01036652,0.6906249974,0.614687491,0.4750906191
0.01036654,0.5656249976,0.6165624911,0.4723593691
0.01036656,0.4562499975,0.6131249911,0.4682406191
0.01036658,0.3312499976,0.6040624911,0.4644265566
0.0103666,0.2843749972,0.5928124911,0.4610749941
0.01036662,0.2687499971,0.5812499911,0.4587843691
0.01036664,0.284374997,0.5724999911,0.4575656191
0.01036666,0.3781249966,0.5690624911,0.4586374941
0.01036668,0.5187499964,0.572499991,0.4604656191
0.0103667,0.6437499965,0.581874991,0.4619890566
0.01036672,0.7531249965,0.595937491,0.4635234316
0.01036674,0.8312499967,0.612812491,0.4643015566
0.01036676,0.846874997,0.629687491,0.4630937441
0.01036678,0.8156249972,0.643437491,0.4609718691
0.0103668,0.7062499975,0.651874991,0.4570109316
0.01036682,0.5812499976,0.6537499911,0.4518203066
0.01036684,0.4406249977,0.6493749911,0.4466078066
0.01036686,0.3156249976,0.6396874911,0.4415421816
0.01036688,0.2374999974,0.6265624911,0.4373796816
0.0103669,0.1906249972,0.6112499911,0.4345937441
0.01036692,0.2218749969,0.5968749911,0.4336359316
0.01036694,0.3156249966,0.5849999911,0.4346859316
0.01036696,0.4406249964,0.5781249911,0.4368296816
0.01036698,0.5656249964,0.5765624911,0.4399203066
0.010367,0.6906249964,0.580312491,0.4436531191
0.01036702,0.7843749966,0.588124991,0.4458734316
0.01036704,0.8312499968,0.599999991,0.4473374941
0.01036706,0.8156249971,0.613437491,0.4475828066
0.01036708,0.7374999974,0.626249991,0.4448843691
0.0103671,0.5812499977,0.635624991,0.4410703066
0.01036712,0.4249999977,0.639999991,0.4359937441
0.01036714,0.2687499977,0.6378124911,0.4304109316
0.01036716,0.1281249977,0.6293749911,0.4254046816
0.01036718,0.03437499746,0.6162499911,0.4207031191
0.0103672,0.03437499702,0.6018749911,0.4178515566
0.01036722,0.0812499968,0.5878124911,0.4170296816
0.01036724,0.2374999963,0.5778124911,0.4180906191
0.01036726,0.4406249961,0.5740624911,0.4205937441
0.01036728,0.6281249961,0.5762499911,0.4232874941
0.0103673,0.7374999965,0.582812491,0.4266124941
0.01036732,0.7843749968,0.591562491,0.4291812441
0.01036734,0.7531249972,0.600312491,0.4306890566
0.01036736,0.6437499975,0.606562491,0.4318921816
0.01036738,0.4562499979,0.6074999911,0.4320015566
0.0103674,0.253124998,0.6024999911,0.4311312441
0.01036742,0.0656249979,0.5909374911,0.4263374941
0.01036744,-0.09062500224,0.5743749911,0.4205531191
0.01036746,-0.1218750028,0.5559374911,0.4144421816
0.01036748,-0.0750000032,0.5381249911,0.4100343691
0.0103675,0.06562499635,0.5237499911,0.4076562441
0.01036752,0.2374999962,0.5146874911,0.4076234316
0.01036754,0.4249999961,0.5118749911,0.4088749941
0.01036756,0.5968749962,0.514687491,0.4120203066
0.01036758,0.6906249966,0.521874991,0.4155031191
0.0103676,0.7218749969,0.530624991,0.4186812441
0.01036762,0.6437499974,0.538124991,0.4211031191
0.01036764,0.5187499976,0.542812491,0.4230515566
0.01036766,0.3468749978,0.5421874911,0.4237593691
0.01036768,0.143749998,0.5346874911,0.4231937441
0.0103677,-0.04375000208,0.5209374911,0.4208593691
0.01036772,-0.1531250024,0.5028124911,0.4167781191
0.01036774,-0.1687500029,0.4828124912,0.4126749941
0.01036776,-0.1062500033,0.4637499911,0.4102531191
0.01036778,0.03437499634,0.4481249911,0.4081687441
0.0103678,0.1906249963,0.4378124911,0.4085765566
0.01036782,0.3781249961,0.4337499911,0.4108781191
0.01036784,0.5343749963,0.435624991,0.4141593691
0.01036786,0.6124999966,0.441562491,0.4179468691
0.01036788,0.612499997,0.449062491,0.4216093691
0.0103679,0.5187499975,0.455624991,0.4245156191
0.01036792,0.4093749976,0.459374991,0.4261812441
0.01036794,0.2531249978,0.4581249911,0.4254906191
0.01036796,0.1124999977,0.4515624911,0.4224218691
0.01036798,-0.02812500229,0.4396874911,0.4168171816
0.010368,-0.09062500267,0.4240624911,0.4088453066
0.01036802,-0.09062500298,0.4065624911,0.4016078066
0.01036804,-0.01250000336,0.3896874911,0.3946749941
0.01036806,0.09687499648,0.3753124911,0.3896140566
0.01036808,0.2374999963,0.3653124911,0.3878562441
0.0103681,0.3468749965,0.3606249911,0.3891078066
0.01036812,0.4406249966,0.3609374911,0.3936734316
0.01036814,0.4562499969,0.364687491,0.3998390566
0.01036816,0.4249999972,0.370624991,0.4061953066
0.01036818,0.3781249972,0.377499991,0.4130140566
0.0103682,0.2531249976,0.381874991,0.4198109316
0.01036822,0.1593749975,0.3834374911,0.4245671816
0.01036824,0.06562499748,0.3799999911,0.4270921816
0.01036826,-0.02812500251,0.3706249911,0.4248718691
0.01036828,-0.05937500282,0.3568749911,0.4196203066
0.0103683,-0.04375000306,0.3412499911,0.4124749941
0.01036832,0.01874999671,0.3259374911,0.4053296816
0.01036834,0.1124999965,0.3131249911,0.3992781191
0.01036836,0.1906249966,0.3040624911,0.3948156191
0.01036838,0.2843749965,0.3006249911,0.3927312441
0.0103684,0.3468749967,0.3024999911,0.3936671816
0.01036842,0.3781249969,0.308749991,0.3994843691
0.01036844,0.3624999971,0.317812491,0.4070703066
0.01036846,0.3312499972,0.326874991,0.4152984316
0.01036848,0.2374999975,0.333124991,0.4224328066
0.0103685,0.1749999973,0.335312491,0.4279890566
0.01036852,0.08124999749,0.3321874911,0.4302421816
0.01036854,0.03437499726,0.3243749911,0.4294531191
0.01036856,-0.01250000274,0.3121874911,0.4239406191
0.01036858,-0.01250000298,0.2981249911,0.4159031191
0.0103686,0.03437499678,0.2843749911,0.4076968691
0.01036862,0.08124999678,0.2731249911,0.4004156191
0.01036864,0.1437499967,0.2656249911,0.3942390566
0.01036866,0.2062499967,0.2628124911,0.3901140566
0.01036868,0.2374999969,0.2646874911,0.3889874941
0.0103687,0.2531249969,0.270624991,0.3918171816
0.01036872,0.2062499973,0.277812491,0.3970249941
0.01036874,0.1749999972,0.284687491,0.4036421816
0.01036876,0.1124999973,0.289062491,0.4091874941
0.01036878,0.04999999734,0.2893749911,0.4136062441
0.0103688,-0.02812500258,0.2849999911,0.4144171816
0.01036882,-0.09062500266,0.2756249911,0.4115984316
0.01036884,-0.09062500298,0.2631249911,0.4060859316
0.01036886,-0.04375000322,0.2499999911,0.3978906191
0.01036888,-0.02812500306,0.2371874911,0.3891999941
0.0103689,0.06562499654,0.2281249911,0.3800468691
0.01036892,0.1281249967,0.2224999911,0.3720093691
0.01036894,0.2062499966,0.2215624911,0.3671171816
0.01036896,0.2374999969,0.224062491,0.3661703066
0.01036898,0.2687499969,0.229999991,0.3684015566
0.010369,0.2531249971,0.236874991,0.3733046816
0.01036902,0.2374999971,0.243437491,0.3793124941
0.01036904,0.1749999973,0.247187491,0.3842374941
0.01036906,0.1124999974,0.2474999911,0.3877312441
0.01036908,0.03437499743,0.2434374911,0.3885312441
0.0103691,-0.01250000274,0.2362499911,0.3863109316
0.01036912,-0.04375000282,0.2265624911,0.3806187441
0.01036914,-0.04375000298,0.2165624911,0.3725593691
0.01036916,-0.01250000314,0.2078124911,0.3636999941
0.01036918,0.00312499694,0.2003124911,0.3545140566
0.0103692,0.04999999677,0.1962499911,0.3444249941
0.01036922,0.1281249966,0.1956249911,0.3356203066
0.01036924,0.1593749969,0.1974999911,0.3290468691
0.01036926,0.1749999969,0.201562491,0.3272078066
0.01036928,0.174999997,0.206249991,0.3285578066
0.0103693,0.1437499972,0.209999991,0.3324218691
0.01036932,0.1124999972,0.2118749911,0.3370640566
0.01036934,0.06562499727,0.2109374911,0.3408953066
0.01036936,0.01874999727,0.2074999911,0.3426421816
0.01036938,0.0031249971,0.2018749911,0.3407593691
0.0103694,-0.02812500281,0.1943749911,0.3353937441
0.01036942,-0.0437500029,0.1859374911,0.3274921816
0.01036944,-0.0593750029,0.1774999911,0.3173812441
0.01036946,-0.02812500315,0.1703124911,0.3069437441
0.01036948,-0.01250000306,0.1653124911,0.2969906191
0.0103695,0.00312499694,0.1618749911,0.2876796816
0.01036952,0.01874999694,0.1606249911,0.2807468691
0.01036954,0.04999999685,0.1609374911,0.2768453066
0.01036956,0.08124999685,0.1628124911,0.2776671816
0.01036958,0.08124999702,0.1646874911,0.2817812441
0.0103696,0.0656249971,0.1653124911,0.2869890566
0.01036962,0.08124999694,0.1653124911,0.2911031191
0.01036964,0.08124999702,0.1640624911,0.2936281191
0.01036966,0.0656249971,0.1612499911,0.2931546816
0.01036968,0.0499999971,0.1574999911,0.2889046816
0.0103697,0.06562499694,0.1537499911,0.2814984316
0.01036972,0.03437499719,0.1503124911,0.2712624941
0.01036974,0.03437499702,0.1474999911,0.2594593692
0.01036976,0.03437499702,0.1459374911,0.2473515567
0.01036978,0.03437499702,0.1456249911,0.2372953066
0.0103698,0.03437499702,0.1468749911,0.2305421816
0.01036982,0.03437499702,0.149374991,0.2277343691
0.01036984,0.0187499971,0.151562491,0.2283984316
0.01036986,0.01874999702,0.1528124911,0.2321968691
0.01036988,0.03437499693,0.1540624911,0.2367953066
0.0103699,0.03437499702,0.1534374911,0.2416874941
0.01036992,0.03437499702,0.1515624911,0.2449906191
0.01036994,0.04999999693,0.1484374911,0.2452953066
0.01036996,0.03437499711,0.1443749911,0.2424437441
0.01036998,0.03437499702,0.1396874911,0.2370453066
0.01037,0.03437499702,0.1353124911,0.2291328066
0.01037002,0.03437499702,0.1312499911,0.2199687441
0.01037004,0.03437499702,0.1284374911,0.2123499941
0.01037006,0.01874999711,0.1265624911,0.2060046816
0.01037008,0.01874999702,0.1262499911,0.2017218691
0.0103701,0.03437499693,0.1271874911,0.2001328066
0.01037012,0.03437499702,0.1287499911,0.2004593691
0.01037014,0.01874999711,0.1299999911,0.2025328066
0.01037016,0.03437499693,0.1309374911,0.2054062441
0.01037018,0.03437499702,0.1315624911,0.2075234316
0.0103702,0.01874999711,0.1309374911,0.2093031191
0.01037022,0.01874999702,0.1287499911,0.2091671816
0.01037024,0.00312499711,0.1256249911,0.2069578066
0.01037026,0.03437499685,0.1228124911,0.2023703066
0.01037028,0.04999999693,0.1203124911,0.1960359316
0.0103703,0.06562499693,0.1187499911,0.1890484316
0.01037032,0.06562499702,0.1178124911,0.1812718691
0.01037034,0.06562499702,0.1178124911,0.1747468691
0.01037036,0.08124999693,0.1190624911,0.1685921816
0.01037038,0.04999999719,0.1199999911,0.1654140566
0.0103704,0.04999999702,0.1215624911,0.1652343691
0.01037042,0.03437499711,0.1231249911,0.1666546816
0.01037044,0.03437499702,0.1249999911,0.1695062441
0.01037046,0.01874999711,0.1259374911,0.1722109316
0.01037048,0.01874999702,0.1265624911,0.1735062441
0.0103705,0.03437499693,0.1271874911,0.1738437441
0.01037052,0.04999999693,0.1278124911,0.1715093691
0.01037054,0.06562499693,0.1281249911,0.1674171816
0.01037056,0.09687499684,0.1284374911,0.1612734316
0.01037058,0.08124999711,0.1284374911,0.1537093691
0.0103706,0.08124999702,0.1287499911,0.1461343691
0.01037062,0.08124999702,0.1287499911,0.1398109316
0.01037064,0.0499999972,0.1281249911,0.1342984316
0.01037066,0.03437499711,0.1274999911,0.1309953066
0.01037068,0.01874999711,0.1268749911,0.1302171816
0.0103707,0.00312499711,0.1256249911,0.1313437441
0.01037072,-0.01250000289,0.1246874911,0.1340484316
0.01037074,0.00312499693,0.1240624911,0.1373843691
0.01037076,0.00312499702,0.1234374911,0.1414765566
0.01037078,0.01874999693,0.1231249911,0.1436859316
0.0103708,0.03437499693,0.1231249911,0.1444531191
0.01037082,0.04999999693,0.1234374911,0.1434624941
0.01037084,0.08124999684,0.1246874911,0.1402624941
0.01037086,0.06562499711,0.1256249911,0.1357999941
0.01037088,0.08124999693,0.1265624911,0.1308640566
0.0103709,0.08124999702,0.1274999911,0.1256453066
0.01037092,0.08124999702,0.1284374911,0.1216890566
0.01037094,0.0499999972,0.1284374911,0.1188593691
0.01037096,0.04999999702,0.1287499911,0.1171453066
0.01037098,0.0187499972,0.1284374911,0.1170093691
0.010371,0.01874999702,0.1281249911,0.1182828066
0.01037102,0.01874999702,0.1278124911,0.1198718691
0.01037104,0.03437499693,0.1278124911,0.1208296816
0.01037106,0.03437499702,0.1281249911,0.1208406191
0.01037108,0.04999999693,0.1287499911,0.1191156191
0.0103711,0.06562499693,0.1293749911,0.1159703066
0.01037112,0.04999999711,0.1296874911,0.1121828066
0.01037114,0.03437499711,0.1299999911,0.1077640566
0.01037116,0.04999999693,0.1303124911,0.1034921816
0.01037118,0.03437499711,0.1303124911,0.1003140566
0.0103712,0.01874999711,0.1303124911,0.0979249941
0.01037122,0.01874999702,0.1303124911,0.0966515566
0.01037124,0.01874999702,0.1306249911,0.09662968159
0.01037126,0.03437499693,0.1306249911,0.09740780659
0.01037128,0.03437499702,0.1303124911,0.09865936908
0.0103713,0.01874999711,0.1293749911,0.1000687441
0.01037132,0.01874999702,0.1284374911,0.1013312441
0.01037134,0.03437499693,0.1278124911,0.1010484316
0.01037136,0.01874999711,0.1265624911,0.1010484316
0.01037138,0.03437499693,0.1262499911,0.0996499941
0.0103714,0.06562499684,0.1265624911,0.0973046816
0.01037142,0.0343749972,0.1265624911,0.0944859316
0.01037144,0.08124999674,0.1274999911,0.0919609316


FINAL LOWEST COST: 8.84229
Best Second Order Offset: -21
Best First Order Offset: -87
Best Second Order Magnitude: 0.341216
Best First Order Magnitude: 0.658784
