0.01035962,-0.07500000298,0.05193749697
0.01035964,-0.05937500298,0.05074999691
0.01035966,-0.02812500298,0.05018749685
0.01035968,0.00312499702,0.05024999679
0.0103597,0.06562499702,0.05156249673
0.01035972,0.09687499702,0.05349999667
0.01035974,0.128124997,0.05606249661
0.01035976,0.112499997,0.05831249655
0.01035978,0.112499997,0.06056249649
0.0103598,0.06562499702,0.06187499643
0.01035982,0.03437499702,0.06256249637
0.01035984,-0.02812500298,0.06199999631
0.01035986,-0.04375000298,0.06112499625
0.01035988,-0.04375000298,0.0602499962
0.0103599,-0.04375000298,0.05937499614
0.01035992,-0.01250000298,0.05912499608
0.01035994,0.01874999702,0.05949999602
0.01035996,0.06562499702,0.06081249596
0.01035998,0.112499997,0.0630624959
0.01036,0.143749997,0.06593749584
0.01036002,0.143749997,0.06881249578
0.01036004,0.159374997,0.07199999572
0.01036006,0.112499997,0.07424999566
0.01036008,0.09687499702,0.0761874956
0.0103601,0.03437499703,0.07687499554
0.01036012,0.00312499702,0.07693749548
0.01036014,-0.04375000297,0.07606249542
0.01036016,-0.05937500298,0.07487499536
0.01036018,-0.02812500298,0.0743124953
0.0103602,-0.01250000298,0.07406249524
0.01036022,0.03437499701,0.07474999518
0.01036024,0.08124999701,0.07637499512
0.01036026,0.128124997,0.07893749506
0.01036028,0.174999997,0.082437495
0.0103603,0.174999997,0.08593749494
0.01036032,0.174999997,0.08943749488
0.01036034,0.159374997,0.09262499482
0.01036036,0.112499997,0.09487499476
0.01036038,0.06562499703,0.09618749471
0.0103604,0.00312499703,0.09624999465
0.01036042,-0.04375000297,0.09537499459
0.01036044,-0.07500000297,0.09387499453
0.01036046,-0.05937500298,0.09268749447
0.01036048,-0.05937500298,0.09149999441
0.0103605,-0.02812500299,0.09093749435
0.01036052,0.034374997,0.09162499429
0.01036054,0.08124999701,0.09324999423
0.01036056,0.143749997,0.09612499417
0.01036058,0.174999997,0.09962499411
0.0103606,0.190624997,0.103437494
0.01036062,0.190624997,0.108749994
0.01036064,0.143749997,0.112812494
0.01036066,0.09687499703,0.115312494
0.01036068,0.01874999704,0.115624994
0.0103607,0.00312499702,0.114374994
0.01036072,-0.05937500296,0.111249994
0.01036074,-0.04375000299,0.107812494
0.01036076,-0.02812500299,0.104999994
0.01036078,0.00312499701,0.102812494
0.0103608,0.049999997,0.102499994
0.01036082,0.096874997,0.103749994
0.01036084,0.159374997,0.107499994
0.01036086,0.174999997,0.111874994
0.01036088,0.174999997,0.116249994
0.0103609,0.159374997,0.120312494
0.01036092,0.112499997,0.122812494
0.01036094,0.06562499704,0.123749994
0.01036096,0.00312499704,0.122499994
0.01036098,-0.02812500297,0.119687494
0.010361,-0.02812500298,0.116249994
0.01036102,-0.01250000299,0.113124994
0.01036104,0.01874999701,0.110312494
0.01036106,0.065624997,0.109374994
0.01036108,0.128124997,0.109999994
0.0103611,0.159374997,0.112499994
0.01036112,0.206249997,0.116562494
0.01036114,0.221874997,0.121874994
0.01036116,0.206249997,0.127187494
0.01036118,0.174999997,0.131249994
0.0103612,0.128124997,0.134062494
0.01036122,0.08124999704,0.134999994
0.01036124,0.01874999705,0.133749994
0.01036126,0.00312499703,0.131249994
0.01036128,-0.02812500297,0.127187494
0.0103613,-0.01250000299,0.123437494
0.01036132,-0.01250000298,0.119687494
0.01036134,0.034374997,0.117187494
0.01036136,0.081249997,0.116562494
0.01036138,0.143749997,0.118124994
0.0103614,0.190624997,0.121874994
0.01036142,0.237499997,0.127499994
0.01036144,0.237499997,0.133749994
0.01036146,0.221874997,0.139374994
0.01036148,0.174999997,0.144062494
0.0103615,0.112499997,0.146874994
0.01036152,0.04999999705,0.147187494
0.01036154,-0.01250000295,0.145312494
0.01036156,-0.07500000295,0.1409374941
0.01036158,-0.07500000298,0.1359374941
0.0103616,-0.05937500299,0.1309374941
0.01036162,-0.01250000301,0.1268749941
0.01036164,0.03437499699,0.124687494
0.01036166,0.128124997,0.125312494
0.01036168,0.221874997,0.129374994
0.0103617,0.284374997,0.134999994
0.01036172,0.315624997,0.142499994
0.01036174,0.331249997,0.149999994
0.01036176,0.2843749971,0.156249994
0.01036178,0.1906249971,0.159999994
0.0103618,0.09687499708,0.160937494
0.01036182,-0.0281250029,0.1584374941
0.01036184,-0.1062500029,0.1531249941
0.01036186,-0.153125003,0.1465624941
0.01036188,-0.137500003,0.1403124941
0.0103619,-0.05937500303,0.1359374941
0.01036192,0.04999999695,0.134687494
0.01036194,0.1749999969,0.136874994
0.01036196,0.2999999969,0.142812494
0.01036198,0.393749997,0.151249994
0.010362,0.424999997,0.160312494
0.01036202,0.409374997,0.168749994
0.01036204,0.3312499971,0.174999994
0.01036206,0.2218749971,0.178124994
0.01036208,0.09687499711,0.177499994
0.0103621,-0.0125000029,0.1740624941
0.01036212,-0.1062500029,0.1678124941
0.01036214,-0.106250003,0.1612499941
0.01036216,-0.04375000303,0.1562499941
0.01036218,0.04999999695,0.1537499941
0.0103622,0.1749999969,0.154687494
0.01036222,0.3156249969,0.159374994
0.01036224,0.393749997,0.166874994
0.01036226,0.471874997,0.176249994
0.01036228,0.471874997,0.186249994
0.0103623,0.4093749971,0.194687494
0.01036232,0.3156249971,0.201249994
0.01036234,0.2062499971,0.204687494
0.01036236,0.06562499713,0.204374994
0.01036238,-0.02812500291,0.2009374941
0.0103624,-0.1218750029,0.1946874941
0.01036242,-0.121875003,0.1874999941
0.01036244,-0.07500000302,0.1812499941
0.01036246,0.03437499693,0.1774999941
0.01036248,0.1906249969,0.177812494
0.0103625,0.3468749969,0.182499994
0.01036252,0.4718749969,0.190937494
0.01036254,0.5656249969,0.202499994
0.01036256,0.565624997,0.215312494
0.01036258,0.5187499971,0.227187494
0.0103626,0.4093749971,0.236562494
0.01036262,0.2531249972,0.241874994
0.01036264,0.09687499716,0.243124994
0.01036266,-0.02812500287,0.2399999941
0.01036268,-0.1375000029,0.2328124941
0.0103627,-0.153125003,0.2240624941
0.01036272,-0.07500000305,0.2162499941
0.01036274,0.06562499689,0.2109374941
0.01036276,0.2374999969,0.209999994
0.01036278,0.4093749969,0.214374994
0.0103628,0.5656249969,0.223749994
0.01036282,0.6749999969,0.237812494
0.01036284,0.721874997,0.254374994
0.01036286,0.6749999971,0.270937494
0.01036288,0.5656249971,0.284999994
0.0103629,0.4093749972,0.294374994
0.01036292,0.2374999972,0.298124994
0.01036294,0.06562499719,0.2959374941
0.01036296,-0.04375000287,0.2890624941
0.01036298,-0.07500000295,0.2796874941
0.010363,-0.02812500303,0.2706249941
0.01036302,0.08124999691,0.2640624941
0.01036304,0.2374999969,0.2621874941
0.01036306,0.4249999968,0.266249994
0.01036308,0.5968749969,0.276249994
0.0103631,0.6906249969,0.290312494
0.01036312,0.7687499969,0.307812494
0.01036314,0.7218749971,0.324374994
0.01036316,0.6437499971,0.338124994
0.01036318,0.5031249972,0.347187494
0.0103632,0.3156249972,0.349999994
0.01036322,0.1593749972,0.3468749941
0.01036324,0.03437499715,0.3396874941
0.01036326,-0.01250000293,0.3299999941
0.01036328,0.003124997,0.3206249941
0.0103633,0.09687499692,0.3143749941
0.01036332,0.2531249969,0.3131249941
0.01036334,0.4249999968,0.317499994
0.01036336,0.5968749968,0.328124994
0.01036338,0.6906249969,0.342499994
0.0103634,0.721874997,0.359374994
0.01036342,0.6749999971,0.375312494
0.01036344,0.5812499971,0.388437494
0.01036346,0.4249999972,0.396249994
0.01036348,0.2687499972,0.397812494
0.0103635,0.1124999972,0.3931249941
0.01036352,0.03437499711,0.3843749941
0.01036354,0.01874999704,0.3734374941
0.01036356,0.08124999695,0.3637499941
0.01036358,0.2218749969,0.3578124941
0.0103636,0.3937499968,0.357499994
0.01036362,0.5812499968,0.364062494
0.01036364,0.6906249969,0.375937494
0.01036366,0.7687499969,0.391874994
0.01036368,0.753124997,0.409687494
0.0103637,0.6593749971,0.425937494
0.01036372,0.5343749972,0.438124994
0.01036374,0.3781249972,0.444374994
0.01036376,0.1906249973,0.4434374941
0.01036378,0.08124999715,0.4368749941
0.0103638,0.03437499708,0.4262499941
0.01036382,0.09687499694,0.4146874941
0.01036384,0.2218749969,0.4046874941
0.01036386,0.4093749968,0.3993749941
0.01036388,0.5968749968,0.399999994
0.0103639,0.7843749968,0.407499994
0.01036392,0.8937499969,0.420624994
0.01036394,0.924999997,0.437812494
0.01036396,0.8937499971,0.456562494
0.01036398,0.7374999972,0.472812494
0.010364,0.5499999973,0.484374994
0.01036402,0.3624999973,0.489999994
0.01036404,0.2218749972,0.4896874941
0.01036406,0.1124999972,0.4834374941
0.01036408,0.128124997,0.4740624941
0.0103641,0.2218749969,0.4646874941
0.01036412,0.3781249968,0.4568749941
0.01036414,0.5656249968,0.4537499941
0.01036416,0.7374999968,0.455624994
0.01036418,0.8468749969,0.462499994
0.0103642,0.9093749969,0.474374994
0.01036422,0.909374997,0.489374994
0.01036424,0.8468749971,0.505624994
0.01036426,0.7062499972,0.519999994
0.01036428,0.5187499973,0.530312494
0.0103643,0.3624999972,0.535624994
0.01036432,0.2374999972,0.5353124941
0.01036434,0.1593749971,0.5299999941
0.01036436,0.174999997,0.5215624941
0.01036438,0.2687499969,0.5131249941
0.0103644,0.4093749968,0.5068749941
0.01036442,0.5968749968,0.5053124941
0.01036444,0.7218749968,0.508124994
0.01036446,0.8468749968,0.516562494
0.01036448,0.9093749969,0.529374994
0.0103645,0.940624997,0.545937494
0.01036452,0.8937499971,0.563124994
0.01036454,0.7999999972,0.578749994
0.01036456,0.6437499973,0.589999994
0.01036458,0.5187499972,0.595937494
0.0103646,0.3624999972,0.5953124941
0.01036462,0.2687499972,0.5890624941
0.01036464,0.2374999971,0.5799999941
0.01036466,0.268749997,0.5699999941
0.01036468,0.3781249969,0.5624999941
0.0103647,0.5031249968,0.5593749941
0.01036472,0.6437499968,0.561562494
0.01036474,0.7687499968,0.569374994
0.01036476,0.8624999969,0.582812494
0.01036478,0.893749997,0.599062494
0.0103648,0.893749997,0.616249994
0.01036482,0.7999999972,0.630312494
0.01036484,0.6749999972,0.639374994
0.01036486,0.5343749972,0.641874994
0.01036488,0.4093749972,0.6381249941
0.0103649,0.2999999972,0.6284374941
0.01036492,0.299999997,0.6165624941
0.01036494,0.346874997,0.6049999941
0.01036496,0.4249999969,0.5956249941
0.01036498,0.5656249968,0.5921874941
0.010365,0.6906249968,0.594999994
0.01036502,0.8312499968,0.604374994
0.01036504,0.9093749969,0.618124994
0.01036506,0.924999997,0.634374994
0.01036508,0.8781249971,0.649374994
0.0103651,0.7374999973,0.659687494
0.01036512,0.5812499973,0.663749994
0.01036514,0.4093749973,0.6606249941
0.01036516,0.2843749972,0.6515624941
0.01036518,0.2062499972,0.6387499941
0.0103652,0.221874997,0.6249999941
0.01036522,0.2999999969,0.6128124941
0.01036524,0.4718749967,0.6053124941
0.01036526,0.6281249968,0.6037499941
0.01036528,0.7843749968,0.609062494
0.0103653,0.9093749968,0.619999994
0.01036532,0.940624997,0.634062494
0.01036534,0.940624997,0.649687494
0.01036536,0.8624999972,0.663437494
0.01036538,0.6749999973,0.671562494
0.0103654,0.4562499974,0.672499994
0.01036542,0.2999999973,0.6665624941
0.01036544,0.1906249972,0.6559374941
0.01036546,0.190624997,0.6428124941
0.01036548,0.2999999968,0.6306249941
0.0103655,0.4718749967,0.6212499941
0.01036552,0.6749999967,0.6168749941
0.01036554,0.8624999967,0.618124994
0.01036556,0.9718749968,0.624687494
0.01036558,1.003124997,0.634374994
0.0103656,1.034374997,0.647812494
0.01036562,1.003124997,0.662499994
0.01036564,0.9562499971,0.676874994
0.01036566,0.8468749972,0.688437494
0.01036568,0.5968749975,0.692812494
0.0103657,0.2843749976,0.6884374941
0.01036572,0.1749999972,0.6790624941
0.01036574,0.174999997,0.6671874941
0.01036576,0.2531249969,0.6549999941
0.01036578,0.4249999967,0.6456249941
0.0103658,0.6281249966,0.6403124941
0.01036582,0.8312499966,0.640937494
0.01036584,0.9562499968,0.646562494
0.01036586,1.003124997,0.655937494
0.01036588,1.018749997,0.668124994
0.0103659,1.003124997,0.682187494
0.01036592,0.9718749971,0.695624994
0.01036594,0.8781249972,0.706249994
0.01036596,0.6749999974,0.711249994
0.01036598,0.3624999976,0.7071874941
0.010366,0.2218749973,0.6978124941
0.01036602,0.1906249971,0.6849999941
0.01036604,0.2687499969,0.6721874941
0.01036606,0.4093749967,0.6618749941
0.01036608,0.5656249967,0.6556249941
0.0103661,0.7374999967,0.655624994
0.01036612,0.8624999968,0.661249994
0.01036614,0.9406249969,0.671874994
0.01036616,0.971874997,0.685624994
0.01036618,0.971874997,0.700937494
0.0103662,0.9249999971,0.714999994
0.01036622,0.8156249972,0.725312494
0.01036624,0.6124999974,0.728124994
0.01036626,0.4562499973,0.7246874941
0.01036628,0.3156249973,0.7153124941
0.0103663,0.2687499971,0.7024999941
0.01036632,0.299999997,0.6896874941
0.01036634,0.3937499968,0.6787499941
0.01036636,0.4874999968,0.6712499941
0.01036638,0.6281249967,0.670312494
0.0103664,0.7687499967,0.676562494
0.01036642,0.8781249968,0.688124994
0.01036644,0.9406249969,0.703124994
0.01036646,0.9093749971,0.717499994
0.01036648,0.8312499972,0.728124994
0.0103665,0.6593749974,0.731874994
0.01036652,0.5031249973,0.7284374941
0.01036654,0.3624999973,0.7184374941
0.01036656,0.2687499972,0.7043749941
0.01036658,0.2374999971,0.6890624941
0.0103666,0.3156249969,0.6746874941
0.01036662,0.4874999967,0.6643749941
0.01036664,0.6749999966,0.6587499941
0.01036666,0.8781249966,0.659374994
0.01036668,0.9562499969,0.666562494
0.0103667,1.003124997,0.680937494
0.01036672,0.9874999971,0.697187494
0.01036674,0.9718749971,0.713124994
0.01036676,0.8624999973,0.725312494
0.01036678,0.5656249976,0.728124994
0.0103668,0.3468749975,0.7224999941
0.01036682,0.1906249973,0.7096874941
0.01036684,0.1124999972,0.6928124941
0.01036686,0.1437499969,0.6756249941
0.01036688,0.2218749969,0.6596874941
0.0103669,0.3937499966,0.6474999941
0.01036692,0.5968749966,0.6399999941
0.01036694,0.7374999967,0.6371874941
0.01036696,0.8624999967,0.640937494
0.01036698,0.9249999969,0.652187494
0.010367,0.924999997,0.666249994
0.01036702,0.8781249971,0.679999994
0.01036704,0.7687499973,0.689999994
0.01036706,0.6437499973,0.694687494
0.01036708,0.5187499973,0.6937499941
0.0103671,0.4093749973,0.6871874941
0.01036712,0.2843749973,0.6756249941
0.01036714,0.2531249971,0.6618749941
0.01036716,0.237499997,0.6471874941
0.01036718,0.2999999969,0.6337499941
0.0103672,0.3937499968,0.6231249941
0.01036722,0.5031249968,0.6168749941
0.01036724,0.6124999968,0.616874994
0.01036726,0.6749999969,0.621249994
0.01036728,0.7374999969,0.629687494
0.0103673,0.768749997,0.639687494
0.01036732,0.7531249971,0.648749994
0.01036734,0.6749999972,0.654374994
0.01036736,0.5499999973,0.655624994
0.01036738,0.3781249974,0.6506249941
0.0103674,0.1906249974,0.6390624941
0.01036742,0.06562499731,0.6228124941
0.01036744,0.01874999713,0.6043749941
0.01036746,0.03437499698,0.5868749941
0.01036748,0.1124999968,0.5724999941
0.0103675,0.2531249967,0.5643749941
0.01036752,0.4406249966,0.5631249941
0.01036754,0.6437499965,0.568749994
0.01036756,0.7843749967,0.579062494
0.01036758,0.8624999968,0.591562494
0.0103676,0.862499997,0.602499994
0.01036762,0.7843749972,0.608437494
0.01036764,0.6281249974,0.6074999941
0.01036766,0.4249999975,0.5984374941
0.01036768,0.1906249976,0.5831249941
0.0103677,0.03437499739,0.5637499941
0.01036772,-0.09062500268,0.5421874941
0.01036774,-0.1218750029,0.5203124941
0.01036776,-0.05937500313,0.5018749941
0.01036778,0.1124999966,0.4928124941
0.0103678,0.3156249965,0.4921874941
0.01036782,0.5187499965,0.498749994
0.01036784,0.6906249966,0.510312494
0.01036786,0.7687499968,0.522812494
0.01036788,0.768749997,0.533749994
0.0103679,0.6906249972,0.539687494
0.01036792,0.5343749974,0.5384374941
0.01036794,0.3468749975,0.5306249941
0.01036796,0.1437499975,0.5162499941
0.01036798,-0.0125000026,0.4974999941
0.010368,-0.07500000283,0.4774999941
0.01036802,-0.04375000306,0.4590624941
0.01036804,0.06562499675,0.4449999941
0.01036806,0.2062499967,0.4362499941
0.01036808,0.3624999966,0.4331249941
0.0103681,0.4874999967,0.434687494
0.01036812,0.5656249968,0.440312494
0.01036814,0.581249997,0.446874994
0.01036816,0.5343749971,0.452812494
0.01036818,0.4093749973,0.454999994
0.0103682,0.2687499974,0.4524999941
0.01036822,0.1281249974,0.4449999941
0.01036824,-0.01250000262,0.4324999941
0.01036826,-0.1062500027,0.4168749941
0.01036828,-0.1375000029,0.3993749941
0.0103683,-0.1062500031,0.3818749941
0.01036832,-0.04375000314,0.3659374941
0.01036834,0.0812499967,0.3540624941
0.01036836,0.1906249967,0.3468749941
0.01036838,0.2999999967,0.3453124941
0.0103684,0.3781249968,0.349062494
0.01036842,0.4093749969,0.355937494
0.01036844,0.3937499971,0.363437494
0.01036846,0.3156249972,0.369062494
0.01036848,0.2218749973,0.371249994
0.0103685,0.1124999973,0.3684374941
0.01036852,0.01874999727,0.3599999941
0.01036854,-0.04375000282,0.3462499941
0.01036856,-0.09062500286,0.3287499941
0.01036858,-0.05937500306,0.3103124941
0.0103686,-0.0125000031,0.2928124941
0.01036862,0.08124999677,0.2787499941
0.01036864,0.1437499969,0.2690624941
0.01036866,0.2374999968,0.2653124941
0.01036868,0.2999999969,0.267499994
0.0103687,0.3468749969,0.273749994
0.01036872,0.362499997,0.282812494
0.01036874,0.3312499971,0.291874994
0.01036876,0.2687499972,0.298437494
0.01036878,0.1749999973,0.299687494
0.0103688,0.09687499723,0.2953124941
0.01036882,0.03437499719,0.2856249941
0.01036884,0.0031249971,0.2718749941
0.01036886,-0.01250000294,0.2562499941
0.01036888,0.03437499689,0.2415624941
0.0103689,0.1437499967,0.2306249941
0.01036892,0.2531249967,0.2249999941
0.01036894,0.3781249967,0.225624994
0.01036896,0.4562499968,0.231874994
0.01036898,0.5031249969,0.242187494
0.010369,0.5343749969,0.254374994
0.01036902,0.5031249971,0.265312494
0.01036904,0.4249999972,0.272499994
0.01036906,0.3156249973,0.274687494
0.01036908,0.1593749975,0.2706249941
0.0103691,0.09687499719,0.2628124941
0.01036912,0.04999999715,0.2524999941
0.01036914,0.08124999693,0.2424999941
0.01036916,0.1749999968,0.2353124941
0.01036918,0.3468749965,0.2340624941
0.0103692,0.5343749965,0.239374994
0.01036922,0.6906249966,0.250624994
0.01036924,0.8312499966,0.267499994
0.01036926,0.8624999969,0.286874994
0.01036928,0.862499997,0.306874994
0.0103693,0.7687499973,0.324374994
0.01036932,0.6124999975,0.337499994
0.01036934,0.4562499975,0.344999994
0.01036936,0.2999999975,0.347187494
0.01036938,0.2218749972,0.3456249941
0.0103694,0.2062499971,0.3421874941
0.01036942,0.2843749968,0.3396874941
0.01036944,0.4093749967,0.339999994
0.01036946,0.5656249966,0.344999994
0.01036948,0.7218749966,0.354999994
0.0103695,0.8468749967,0.369687494
0.01036952,0.9093749968,0.387499994
0.01036954,0.909374997,0.406562494
0.01036956,0.7999999973,0.424374994
0.01036958,0.6437499975,0.438437494
0.0103696,0.5031249974,0.448749994
0.01036962,0.3624999974,0.454374994
0.01036964,0.2843749972,0.457187494
0.01036966,0.2687499971,0.457812494
0.01036968,0.3312499968,0.458437494
0.0103697,0.4718749966,0.460937494
0.01036972,0.6124999966,0.465937494
0.01036974,0.7687499965,0.474687494
0.01036976,0.8624999967,0.486562494
0.01036978,0.9093749969,0.501249994
0.0103698,0.924999997,0.517812494
0.01036982,0.8624999972,0.534374994
0.01036984,0.7687499973,0.549687494
0.01036986,0.6281249974,0.562499994
0.01036988,0.5031249974,0.571874994
0.0103699,0.4249999973,0.577499994
0.01036992,0.3781249972,0.579999994
0.01036994,0.393749997,0.580312494
0.01036996,0.4562499968,0.580312494
0.01036998,0.5656249967,0.581562494
0.01037,0.6749999967,0.584374994
0.01037002,0.7687499967,0.589687494
0.01037004,0.7999999969,0.597187494
0.01037006,0.815624997,0.607187494
0.01037008,0.7999999971,0.619999994
0.0103701,0.7687499971,0.633437494
0.01037012,0.6906249973,0.646249994
0.01037014,0.5968749973,0.656562494
0.01037016,0.5499999972,0.664062494
0.01037018,0.5031249972,0.667187494
0.0103702,0.503124997,0.6665624941
0.01037022,0.518749997,0.6631249941
0.01037024,0.5499999969,0.6574999941
0.01037026,0.6124999968,0.6524999941
0.01037028,0.6593749969,0.6484374941
0.0103703,0.7062499969,0.6471874941
0.01037032,0.7531249969,0.649999994
0.01037034,0.753124997,0.655937494
0.01037036,0.7218749971,0.664374994
0.01037038,0.6906249971,0.673749994
0.0103704,0.6281249972,0.682187494
0.01037042,0.5812499972,0.688124994
0.01037044,0.5656249971,0.691249994
0.01037046,0.5499999971,0.6909374941
0.01037048,0.5343749971,0.6871874941
0.0103705,0.534374997,0.6809374941
0.01037052,0.5812499969,0.6743749941
0.01037054,0.6124999969,0.6684374941
0.01037056,0.6437499969,0.6653124941
0.01037058,0.6749999969,0.665937494
0.0103706,0.690624997,0.669687494
0.01037062,0.690624997,0.676249994
0.01037064,0.6593749971,0.683749994
0.01037066,0.659374997,0.691562494
0.01037068,0.659374997,0.698124994
0.0103707,0.6437499971,0.701562494
0.01037072,0.6281249971,0.701874994
0.01037074,0.6124999971,0.6987499941
0.01037076,0.612499997,0.6937499941
0.01037078,0.612499997,0.6878124941
0.0103708,0.612499997,0.6815624941
0.01037082,0.612499997,0.6765624941
0.01037084,0.628124997,0.6737499941
0.01037086,0.6124999971,0.6734374941
0.01037088,0.612499997,0.675624994
0.0103709,0.612499997,0.679374994
0.01037092,0.628124997,0.684374994
0.01037094,0.628124997,0.689062494
0.01037096,0.628124997,0.692499994
0.01037098,0.6124999971,0.693437494
0.010371,0.6437499969,0.6928124941
0.01037102,0.6281249971,0.6899999941
0.01037104,0.643749997,0.6868749941
0.01037106,0.643749997,0.6834374941
0.01037108,0.643749997,0.6803124941
0.0103711,0.6281249971,0.6774999941
0.01037112,0.6124999971,0.6759374941
0.01037114,0.628124997,0.676562494
0.01037116,0.628124997,0.678124994
0.01037118,0.628124997,0.680624994
0.0103712,0.628124997,0.683124994
0.01037122,0.628124997,0.685312494
0.01037124,0.643749997,0.687187494
0.01037126,0.6281249971,0.687499994
0.01037128,0.628124997,0.6868749941
0.0103713,0.628124997,0.6853124941
0.01037132,0.643749997,0.6831249941
0.01037134,0.6281249971,0.6806249941
0.01037136,0.628124997,0.6787499941
0.01037138,0.643749997,0.6778124941
0.0103714,0.6281249971,0.677812494
0.01037142,0.643749997,0.679062494
0.01037144,0.643749997,0.680624994
0.01037146,0.6281249971,0.682187494
0.01037148,0.6124999971,0.683749994
0.0103715,0.628124997,0.685624994
0.01037152,0.643749997,0.686874994
0.01037154,0.6281249971,0.687187494
0.01037156,0.643749997,0.687187494
0.01037158,0.6124999971,0.6859374941
0.0103716,0.6437499969,0.6849999941
0.01037162,0.643749997,0.6840624941
0.01037164,0.643749997,0.683749994
0.01037166,0.6281249971,0.6831249941
0.01037168,0.628124997,0.6824999941
0.0103717,0.628124997,0.682187494
0.01037172,0.643749997,0.682499994
0.01037174,0.6124999971,0.682499994
0.01037176,0.6437499969,0.683124994
0.01037178,0.6281249971,0.683437494
0.0103718,0.643749997,0.684062494
0.01037182,0.643749997,0.684687494
0.01037184,0.6281249971,0.684687494
0.01037186,0.6124999971,0.684687494
0.01037188,0.612499997,0.684687494
0.0103719,0.628124997,0.684999994
0.01037192,0.628124997,0.684999994
0.01037194,0.628124997,0.684999994
0.01037196,0.628124997,0.684999994
0.01037198,0.628124997,0.685312494
0.010372,0.643749997,0.685312494
0.01037202,0.6124999971,0.684999994
0.01037204,0.628124997,0.684687494
0.01037206,0.628124997,0.684374994
0.01037208,0.643749997,0.684374994
0.0103721,0.6281249971,0.684374994
0.01037212,0.628124997,0.684687494
0.01037214,0.628124997,0.684687494
0.01037216,0.628124997,0.684687494
0.01037218,0.6124999971,0.684374994
0.0103722,0.628124997,0.684374994
0.01037222,0.6124999971,0.684062494
0.01037224,0.6437499969,0.684062494
0.01037226,0.6281249971,0.684062494
0.01037228,0.6124999971,0.683749994
0.0103723,0.628124997,0.683749994
0.01037232,0.6124999971,0.6831249941
0.01037234,0.628124997,0.683124994
0.01037236,0.628124997,0.683124994
0.01037238,0.628124997,0.682812494
0.0103724,0.628124997,0.682812494
0.01037242,0.6124999971,0.6821874941
0.01037244,0.628124997,0.681874994
0.01037246,0.6124999971,0.681562494
0.01037248,0.628124997,0.681874994
0.0103725,0.643749997,0.682187494
0.01037252,0.643749997,0.682187494
0.01037254,0.6124999971,0.6818749941
0.01037256,0.6437499969,0.681874994
0.01037258,0.6281249971,0.682187494
0.0103726,0.628124997,0.6818749941
0.01037262,0.628124997,0.6815624941
0.01037264,0.628124997,0.6812499941
0.01037266,0.628124997,0.681249994
0.01037268,0.628124997,0.681249994
0.0103727,0.628124997,0.681249994
0.01037272,0.628124997,0.6809374941
0.01037274,0.643749997,0.681562494
0.01037276,0.643749997,0.681562494
0.01037278,0.6281249971,0.681562494
0.0103728,0.643749997,0.681562494
0.01037282,0.6281249971,0.6812499941
0.01037284,0.628124997,0.681249994
0.01037286,0.643749997,0.681874994
0.01037288,0.643749997,0.682499994
0.0103729,0.643749997,0.682812494
0.01037292,0.6124999971,0.6824999941
0.01037294,0.6437499969,0.682812494
0.01037296,0.6281249971,0.682812494
0.01037298,0.628124997,0.682812494
0.010373,0.643749997,0.682812494
0.01037302,0.6281249971,0.683124994
0.01037304,0.643749997,0.683437494
0.01037306,0.6281249971,0.683437494
0.01037308,0.643749997,0.683437494
0.0103731,0.6281249971,0.683437494
0.01037312,0.628124997,0.683437494
0.01037314,0.628124997,0.683437494
0.01037316,0.628124997,0.683437494
0.01037318,0.628124997,0.683749994
0.0103732,0.643749997,0.684062494
0.01037322,0.643749997,0.684687494
0.01037324,0.643749997,0.684687494
0.01037326,0.6281249971,0.684687494
0.01037328,0.628124997,0.684999994
0.0103733,0.6124999971,0.6846874941
0.01037332,0.628124997,0.684999994
0.01037334,0.628124997,0.684999994
0.01037336,0.628124997,0.684999994
0.01037338,0.628124997,0.684999994
0.0103734,0.628124997,0.684999994
0.01037342,0.628124997,0.685312494
0.01037344,0.643749997,0.685624994
0.01037346,0.6281249971,0.685937494
0.01037348,0.643749997,0.686249994
0.0103735,0.6281249971,0.6859374941
0.01037352,0.643749997,0.685937494
0.01037354,0.6281249971,0.686249994
0.01037356,0.643749997,0.686249994
0.01037358,0.643749997,0.686562494
0.0103736,0.643749997,0.686874994
0.01037362,0.643749997,0.687187494
0.01037364,0.643749997,0.687499994
0.01037366,0.6281249971,0.687499994
0.01037368,0.643749997,0.687812494
0.0103737,0.643749997,0.688124994
0.01037372,0.6281249971,0.688124994
0.01037374,0.628124997,0.6878124941
0.01037376,0.643749997,0.687812494
0.01037378,0.6281249971,0.687812494
0.0103738,0.643749997,0.687812494
0.01037382,0.6124999972,0.6874999941
0.01037384,0.628124997,0.687499994
0.01037386,0.628124997,0.6871874941
0.01037388,0.6124999971,0.6865624941
0.0103739,0.628124997,0.6862499941
0.01037392,0.628124997,0.686562494
0.01037394,0.628124997,0.6862499941
0.01037396,0.628124997,0.686249994
0.01037398,0.6124999971,0.6859374941
0.010374,0.628124997,0.6856249941
0.01037402,0.6124999971,0.6853124941
0.01037404,0.628124997,0.6849999941
0.01037406,0.643749997,0.685312494
0.01037408,0.6281249971,0.6849999941
0.0103741,0.628124997,0.684999994
0.01037412,0.6124999971,0.6846874941
0.01037414,0.628124997,0.684687494
0.01037416,0.628124997,0.684687494
0.01037418,0.628124997,0.684687494
0.0103742,0.643749997,0.684687494
0.01037422,0.643749997,0.684687494
0.01037424,0.6124999972,0.6840624941
0.01037426,0.612499997,0.6837499941
0.01037428,0.628124997,0.683749994
0.0103743,0.643749997,0.684374994
0.01037432,0.6124999972,0.6840624941
0.01037434,0.612499997,0.6837499941
0.01037436,0.628124997,0.683749994
0.01037438,0.6124999971,0.6834374941
0.0103744,0.628124997,0.683437494
0.01037442,0.643749997,0.683749994
0.01037444,0.643749997,0.683749994
0.01037446,0.6281249971,0.683749994
0.01037448,0.6749999968,0.684374994
0.0103745,0.674999997,0.685312494
0.01037452,0.674999997,0.685937494
0.01037454,0.6593749971,0.686562494
0.01037456,0.6437499971,0.686562494
0.01037458,0.6124999972,0.6859374941
0.0103746,0.5499999973,0.6840624941
0.01037462,0.5343749971,0.6818749941
0.01037464,0.5031249972,0.6790624941
0.01037466,0.503124997,0.6765624941
0.01037468,0.518749997,0.6740624941
0.0103747,0.5968749967,0.6731249941
0.01037472,0.6593749967,0.673749994
0.01037474,0.7531249966,0.676249994
0.01037476,0.8624999965,0.680624994
0.01037478,0.878124997,0.685624994
0.0103748,0.9093749969,0.690937494
0.01037482,0.8781249972,0.696249994
0.01037484,0.7531249976,0.698749994
0.01037486,0.6124999976,0.6984374941
0.01037488,0.4718749977,0.6956249941
0.0103749,0.3468749976,0.6899999941
0.01037492,0.2531249974,0.6824999941
0.01037494,0.253124997,0.6749999941
0.01037496,0.3156249967,0.6687499941
0.01037498,0.4406249964,0.6653124941
0.010375,0.6124999962,0.6649999941
0.01037502,0.7999999962,0.668749994
0.01037504,0.9249999964,0.674687494
0.01037506,1.003124997,0.681874994
0.01037508,1.003124997,0.689374994
0.0103751,1.018749997,0.697187494
0.01037512,1.003124997,0.704999994
0.01037514,0.9406249973,0.711249994
0.01037516,0.7531249979,0.713749994
0.01037518,0.4249999985,0.7096874941
0.0103752,0.221874998,0.7012499941
0.01037522,0.1593749973,0.6915624941
0.01037524,0.2062499968,0.6834374941
0.01037526,0.3468749964,0.6781249941
0.01037528,0.5343749961,0.6762499941
0.0103753,0.7374999961,0.678124994
0.01037532,0.8937499963,0.683749994
0.01037534,0.9874999966,0.691249994
0.01037536,1.003124997,0.698749994
0.01037538,1.003124997,0.706562494
0.0103754,0.9718749972,0.713437494
0.01037542,0.9249999972,0.719062494
0.01037544,0.7687499977,0.721562494
0.01037546,0.4874999983,0.7187499941
0.01037548,0.3312499978,0.7118749941
0.0103755,0.2687499973,0.7037499941
0.01037552,0.284374997,0.6959374941
0.01037554,0.3624999966,0.6899999941
0.01037556,0.5031249964,0.6871874941
0.01037558,0.6593749963,0.688124994
0.0103756,0.7843749964,0.692812494
0.01037562,0.9093749964,0.700312494
0.01037564,0.9562499968,0.709374994
0.01037566,0.971874997,0.718749994
0.01037568,0.9249999972,0.726874994
0.0103757,0.7999999976,0.730937494
0.01037572,0.596874998,0.7296874941
0.01037574,0.4093749979,0.7228124941
0.01037576,0.2843749976,0.7112499941
0.01037578,0.2218749973,0.6981249941
0.0103758,0.2531249969,0.6849999941
0.01037582,0.3468749966,0.6743749941
0.01037584,0.5187499962,0.6696874941
0.01037586,0.7062499961,0.671562494
0.01037588,0.8937499961,0.679999994
0.0103759,0.9874999966,0.692812494
0.01037592,1.003124997,0.707812494
0.01037594,1.018749997,0.723124994
0.01037596,1.018749997,0.737187494
0.01037598,0.9718749973,0.747812494
0.010376,0.8624999975,0.752812494
0.01037602,0.5499999985,0.7478124941
0.01037604,0.2843749983,0.7349999941
0.01037606,0.1749999976,0.7184374941
0.01037608,0.174999997,0.7018749941
0.0103761,0.2687499966,0.6868749941
0.01037612,0.4406249962,0.6756249941
0.01037614,0.643749996,0.6696874941
0.01037616,0.8156249962,0.670937494
0.01037618,0.9406249964,0.681249994
0.0103762,1.003124997,0.696874994
0.01037622,1.034374997,0.714374994
0.01037624,1.003124997,0.730312494
0.01037626,0.9874999971,0.743124994
0.01037628,0.8781249976,0.749999994
0.0103763,0.6593749981,0.7484374941
0.01037632,0.3781249984,0.7381249941
0.01037634,0.2218749978,0.7228124941
0.01037636,0.1906249972,0.7065624941
0.01037638,0.2218749969,0.6909374941
0.0103764,0.2999999966,0.6774999941
0.01037642,0.4562499962,0.6681249941
0.01037644,0.5968749963,0.6646874941
0.01037646,0.7374999963,0.669687494
0.01037648,0.8468749965,0.679999994
0.0103765,0.8937499968,0.692499994
0.01037652,0.893749997,0.704687494
0.01037654,0.7999999975,0.713437494
0.01037656,0.6437499978,0.716249994
0.01037658,0.440624998,0.7118749941
0.0103766,0.2687499979,0.7015624941
0.01037662,0.1281249977,0.6859374941
0.01037664,0.06562499733,0.6681249941
0.01037666,0.06562499702,0.6499999941
0.01037668,0.1593749966,0.6346874941
0.0103767,0.3156249962,0.6249999941
0.01037672,0.5031249961,0.6231249941
0.01037674,0.6906249961,0.628749994
0.01037676,0.7999999965,0.639062494
0.01037678,0.8468749968,0.651562494
0.0103768,0.8312499971,0.663124994
0.01037682,0.7531249974,0.671249994
0.01037684,0.6281249977,0.673437494
0.01037686,0.4562499979,0.6684374941
0.01037688,0.2999999978,0.6565624941
0.0103769,0.1593749977,0.6399999941
0.01037692,0.0656249975,0.6212499941
0.01037694,0.01874999726,0.6012499941
0.01037696,0.04999999686,0.5818749941
0.01037698,0.1906249963,0.5662499941
0.010377,0.3624999961,0.5562499941
0.01037702,0.5187499962,0.5556249941
0.01037704,0.6593749963,0.563124994
0.01037706,0.7687499965,0.574999994
0.01037708,0.8156249968,0.587812494
0.0103771,0.7687499973,0.597812494
0.01037712,0.6437499977,0.601874994
0.01037714,0.4874999978,0.5987499941
0.01037716,0.2843749981,0.5881249941
0.01037718,0.1281249978,0.5718749941
0.0103772,-0.02812500217,0.5512499942
0.01037722,-0.05937500282,0.5293749942
0.01037724,-0.01250000322,0.5090624942
0.01037726,0.06562499661,0.4906249941
0.01037728,0.2218749962,0.4774999941
0.0103773,0.3937499961,0.4721874941
0.01037732,0.5499999962,0.475624994
0.01037734,0.6593749964,0.484374994
0.01037736,0.7062499968,0.494687494
0.01037738,0.6593749973,0.503437494
0.0103774,0.5499999976,0.508437494
0.01037742,0.4093749978,0.5074999941
0.01037744,0.2062499981,0.4996874941
0.01037746,0.03437499793,0.4856249941
0.01037748,-0.1062500022,0.4665624941
0.0103775,-0.1843750026,0.4449999942
0.01037752,-0.184375003,0.4234374942
0.01037754,-0.07500000356,0.4059374941
0.01037756,0.06562499627,0.3943749941
0.01037758,0.253124996,0.3906249941
0.0103776,0.4249999961,0.393749994
0.01037762,0.5343749964,0.401874994
0.01037764,0.5812499968,0.412187494
0.01037766,0.5499999972,0.421874994
0.01037768,0.4562499975,0.427812494
0.0103777,0.3156249978,0.4278124941
0.01037772,0.1906249977,0.4215624941
0.01037774,0.06562499769,0.4090624941
0.01037776,-0.04375000239,0.3921874941
0.01037778,-0.09062500273,0.3734374941
0.0103778,-0.04375000323,0.3559374941
0.01037782,0.0343749966,0.3415624941
0.01037784,0.1437499964,0.3318749941
0.01037786,0.2687499964,0.3281249941
0.01037788,0.3624999965,0.329374994
0.0103779,0.4249999967,0.334687494
0.01037792,0.4406249969,0.342187494
0.01037794,0.4093749972,0.349999994
0.01037796,0.3468749974,0.355937494
0.01037798,0.2374999976,0.356874994
0.010378,0.1437499975,0.3524999941
0.01037802,0.03437499762,0.3428124941
0.01037804,-0.02812500264,0.3290624941
0.01037806,-0.04375000289,0.3128124941
0.01037808,-0.07500000281,0.2949999941
0.0103781,-0.02812500324,0.2790624941
0.01037812,0.03437499668,0.2668749941
0.01037814,0.1124999966,0.2593749941
0.01037816,0.2062499965,0.2578124941
0.01037818,0.2687499967,0.260624994
0.0103782,0.2843749969,0.266874994
0.01037822,0.2687499971,0.273437494
0.01037824,0.2062499974,0.277812494
0.01037826,0.1593749973,0.279687494
0.01037828,0.08124999745,0.2768749941
0.0103783,0.01874999737,0.2693749941
0.01037832,-0.02812500272,0.2578124941
0.01037834,-0.05937500281,0.2434374941
0.01037836,-0.04375000307,0.2284374941
0.01037838,0.00312499676,0.2153124941
0.0103784,0.03437499685,0.2049999941
0.01037842,0.1124999966,0.1990624941
0.01037844,0.1593749968,0.1981249941
0.01037846,0.2062499968,0.201562494
0.01037848,0.2218749969,0.208124994
0.0103785,0.2062499971,0.215937494
0.01037852,0.1906249971,0.223437494
0.01037854,0.1437499973,0.227812494
0.01037856,0.08124999737,0.228124994
0.01037858,0.03437499728,0.2237499941
0.0103786,-0.01250000272,0.2149999941
0.01037862,-0.02812500289,0.2037499941
0.01037864,-0.02812500298,0.1915624941
0.01037866,0.00312499684,0.1806249941
0.01037868,0.03437499684,0.1721874941
0.0103787,0.06562499684,0.1671874941
0.01037872,0.08124999693,0.1649999941
0.01037874,0.1124999968,0.165937494
0.01037876,0.112499997,0.169062494
0.01037878,0.09687499711,0.172812494
0.0103788,0.08124999711,0.175312494
0.01037882,0.06562499711,0.175937494
0.01037884,0.00312499738,0.1731249941
0.01037886,-0.01250000289,0.1674999941
0.01037888,-0.01250000298,0.1599999941
0.0103789,-0.01250000298,0.1512499941
0.01037892,-0.01250000298,0.1421874941
0.01037894,0.03437499675,0.1346874941
0.01037896,0.04999999693,0.1287499941
0.01037898,0.08124999684,0.1256249941
0.010379,0.08124999702,0.1243749941
0.01037902,0.08124999702,0.125312494
0.01037904,0.06562499711,0.127187494
0.01037906,0.06562499702,0.129374994
0.01037908,0.04999999711,0.131874994
0.0103791,0.03437499711,0.133124994
0.01037912,0.03437499702,0.133124994
0.01037914,0.03437499702,0.1315624941
0.01037916,0.03437499702,0.1281249941
0.01037918,0.04999999693,0.1237499941
0.0103792,0.03437499711,0.1187499941
0.01037922,0.03437499702,0.1140624941
0.01037924,0.04999999693,0.1109374941
0.01037926,0.06562499693,0.1090624941
0.01037928,0.06562499702,0.1087499941
0.0103793,0.04999999711,0.109374994
0.01037932,0.03437499711,0.110624994
0.01037934,0.01874999711,0.112187494
0.01037936,-0.0125000028,0.112812494
0.01037938,-0.01250000298,0.1124999941
0.0103794,-0.0437500028,0.1109374941
0.01037942,-0.04375000298,0.1078124941
0.01037944,-0.05937500289,0.1034374941
0.01037946,-0.04375000307,0.09843749408
0.01037948,-0.01250000316,0.09374999408
0.0103795,0.01874999684,0.08999999407
0.01037952,0.03437499693,0.08687499407
0.01037954,0.04999999693,0.08499999406
0.01037956,0.04999999702,0.08437499405
0.01037958,0.04999999702,0.08468749405
0.0103796,0.06562499693,0.08624999404
